Name,Tier,Mega,sprite
Arceus,300,N,https://raw.githubusercontent.com/PokeAPI/sprites/master/sprites/pokemon/493.png
Calyrex-Shadow-Rider,300,N,https://raw.githubusercontent.com/PokeAPI/sprites/master/sprites/pokemon/10194.png
Eternatus,300,N,https://raw.githubusercontent.com/PokeAPI/sprites/master/sprites/pokemon/890.png
Geox,300,N,https://play.pokemonshowdown.com/sprites/trainers/blaine-gen2.png
Koraidon,300,N,https://raw.githubusercontent.com/PokeAPI/sprites/master/sprites/pokemon/1007.png
Kyogre,300,N,https://raw.githubusercontent.com/PokeAPI/sprites/master/sprites/pokemon/382.png
Lunala,300,N,https://raw.githubusercontent.com/PokeAPI/sprites/master/sprites/pokemon/792.png
Marshadow,300,N,https://raw.githubusercontent.com/PokeAPI/sprites/master/sprites/pokemon/802.png
Mega Gengar,300,Y,https://raw.githubusercontent.com/PokeAPI/sprites/master/sprites/pokemon/10038.png
Mega Mewtwo Y,300,Y,https://raw.githubusercontent.com/PokeAPI/sprites/master/sprites/pokemon/10044.png
Mega Rayquaza,300,Y,https://raw.githubusercontent.com/PokeAPI/sprites/master/sprites/pokemon/10079.png
Miraidon,300,N,https://raw.githubusercontent.com/PokeAPI/sprites/master/sprites/pokemon/1008.png
Necrozma-Dusk-Mane,300,N,https://raw.githubusercontent.com/PokeAPI/sprites/master/sprites/pokemon/10155.png
Primal Groudon,300,N,https://raw.githubusercontent.com/PokeAPI/sprites/master/sprites/pokemon/10078.png
Primal Kyogre,300,N,https://raw.githubusercontent.com/PokeAPI/sprites/master/sprites/pokemon/10077.png
Xerneas,300,N,https://raw.githubusercontent.com/PokeAPI/sprites/master/sprites/pokemon/716.png
Yveltal,300,N,https://raw.githubusercontent.com/PokeAPI/sprites/master/sprites/pokemon/717.png
Zacian,300,N,https://raw.githubusercontent.com/PokeAPI/sprites/master/sprites/pokemon/888.png
Zacian-Crowned,300,N,https://raw.githubusercontent.com/PokeAPI/sprites/master/sprites/pokemon/10188.png
Zygarde-Complete,300,N,https://raw.githubusercontent.com/PokeAPI/sprites/master/sprites/pokemon/10120.png
Calyrex-Ice-Rider,260,N,https://raw.githubusercontent.com/PokeAPI/sprites/master/sprites/pokemon/10193.png
Deoxys-Attack,260,N,https://raw.githubusercontent.com/PokeAPI/sprites/master/sprites/pokemon/10001.png
Dialga,260,N,https://raw.githubusercontent.com/PokeAPI/sprites/master/sprites/pokemon/483.png
Giranita-O,260,N,https://raw.githubusercontent.com/PokeAPI/sprites/master/sprites/pokemon/10007.png
Groudon,260,N,https://raw.githubusercontent.com/PokeAPI/sprites/master/sprites/pokemon/383.png
Ho-Oh,260,N,https://raw.githubusercontent.com/PokeAPI/sprites/master/sprites/pokemon/250.png
Kyurem-Black,260,N,https://raw.githubusercontent.com/PokeAPI/sprites/master/sprites/pokemon/10022.png
Kyurem-White,260,N,https://raw.githubusercontent.com/PokeAPI/sprites/master/sprites/pokemon/10023.png
Lugia,260,N,https://raw.githubusercontent.com/PokeAPI/sprites/master/sprites/pokemon/249.png
Mega Magearna,260,Y,https://raw.githubusercontent.com/PokeAPI/sprites/master/sprites/pokemon/other/official-artwork/10317.png
Mega Mewtwo X,260,Y,https://raw.githubusercontent.com/PokeAPI/sprites/master/sprites/pokemon/10043.png
Mewtwo,260,N,https://raw.githubusercontent.com/PokeAPI/sprites/master/sprites/pokemon/150.png
Necrozma-Dawn-Wings,260,N,https://raw.githubusercontent.com/PokeAPI/sprites/master/sprites/pokemon/10156.png
Palkia,260,N,https://raw.githubusercontent.com/PokeAPI/sprites/master/sprites/pokemon/484.png
Palkia-Origin,260,N,https://raw.githubusercontent.com/PokeAPI/sprites/master/sprites/pokemon/10246.png
Rayquaza,260,N,https://raw.githubusercontent.com/PokeAPI/sprites/master/sprites/pokemon/384.png
Reshiram,260,N,https://raw.githubusercontent.com/PokeAPI/sprites/master/sprites/pokemon/643.png
Zamazenta,260,N,https://raw.githubusercontent.com/PokeAPI/sprites/master/sprites/pokemon/889.png
Zekrom,260,N,https://raw.githubusercontent.com/PokeAPI/sprites/master/sprites/pokemon/644.png
Deoxys,240,N,https://raw.githubusercontent.com/PokeAPI/sprites/master/sprites/pokemon/386.png
Dialga-O,240,N,https://raw.githubusercontent.com/PokeAPI/sprites/master/sprites/pokemon/10245.png
Flutter Mane,240,N,https://raw.githubusercontent.com/PokeAPI/sprites/master/sprites/pokemon/987.png
Frv,240,N,https://play.pokemonshowdown.com/sprites/trainers/dahlia.png
Giratina,240,N,https://raw.githubusercontent.com/PokeAPI/sprites/master/sprites/pokemon/487.png
Mega Absol Z,240,Y,https://raw.githubusercontent.com/PokeAPI/sprites/master/sprites/pokemon/other/official-artwork/10307.png
Mega Alakazam,240,Y,https://raw.githubusercontent.com/PokeAPI/sprites/master/sprites/pokemon/10037.png
Mega Blastoise,240,Y,https://raw.githubusercontent.com/PokeAPI/sprites/master/sprites/pokemon/10036.png
Mega Blaziken,240,Y,https://raw.githubusercontent.com/PokeAPI/sprites/master/sprites/pokemon/10050.png
Mega Greninja ,240,Y,https://raw.githubusercontent.com/PokeAPI/sprites/master/sprites/pokemon/other/official-artwork/10294.png
Mega Kangaskhan,240,Y,https://raw.githubusercontent.com/PokeAPI/sprites/master/sprites/pokemon/10039.png
Mega Latias,240,Y,https://raw.githubusercontent.com/PokeAPI/sprites/master/sprites/pokemon/10062.png
Mega Latios,240,Y,https://raw.githubusercontent.com/PokeAPI/sprites/master/sprites/pokemon/10063.png
Mega Lucario,240,Y,https://raw.githubusercontent.com/PokeAPI/sprites/master/sprites/pokemon/10059.png
Mega Lucario Z,240,Y,https://raw.githubusercontent.com/PokeAPI/sprites/master/sprites/pokemon/other/official-artwork/10310.png
Mega Salamence,240,Y,https://raw.githubusercontent.com/PokeAPI/sprites/master/sprites/pokemon/10089.png
Solgaleo,240,N,https://raw.githubusercontent.com/PokeAPI/sprites/master/sprites/pokemon/791.png
Zamazenta-Crowned,240,N,https://raw.githubusercontent.com/PokeAPI/sprites/master/sprites/pokemon/10189.png
Chien-Pao,220,N,https://raw.githubusercontent.com/PokeAPI/sprites/master/sprites/pokemon/1002.png
Darkrai,220,N,https://raw.githubusercontent.com/PokeAPI/sprites/master/sprites/pokemon/491.png
Dragapult,220,N,https://raw.githubusercontent.com/PokeAPI/sprites/master/sprites/pokemon/887.png
Genesect,220,N,https://raw.githubusercontent.com/PokeAPI/sprites/master/sprites/pokemon/649.png
Great Tusk,220,N,https://raw.githubusercontent.com/PokeAPI/sprites/master/sprites/pokemon/984.png
Iron Valiant,220,N,https://raw.githubusercontent.com/PokeAPI/sprites/master/sprites/pokemon/1006.png
Magearna,220,N,https://raw.githubusercontent.com/PokeAPI/sprites/master/sprites/pokemon/801.png
Mega Gallade,220,Y,https://raw.githubusercontent.com/PokeAPI/sprites/master/sprites/pokemon/10068.png
Mega Garchomp Z,220,Y,https://www.serebii.net/legendsz-a/pokemon/445-mz.png
Mega Lopunny,220,Y,https://raw.githubusercontent.com/PokeAPI/sprites/master/sprites/pokemon/10088.png
Mega Metagross,220,Y,https://raw.githubusercontent.com/PokeAPI/sprites/master/sprites/pokemon/10076.png
Mega Zeraora,220,Y,https://raw.githubusercontent.com/PokeAPI/sprites/master/sprites/pokemon/other/official-artwork/10319.png
Naganadel,220,N,https://raw.githubusercontent.com/PokeAPI/sprites/master/sprites/pokemon/804.png
Palafin,220,N,https://raw.githubusercontent.com/PokeAPI/sprites/master/sprites/pokemon/964.png
Pheromosa,220,N,https://raw.githubusercontent.com/PokeAPI/sprites/master/sprites/pokemon/795.png
Shaymin-Sky,220,N,https://raw.githubusercontent.com/PokeAPI/sprites/master/sprites/pokemon/10006.png
Spectrier,220,N,https://raw.githubusercontent.com/PokeAPI/sprites/master/sprites/pokemon/897.png
Urshifu-Single-Strike,220,N,https://raw.githubusercontent.com/PokeAPI/sprites/master/sprites/pokemon/892.png
Blaziken,200,N,https://raw.githubusercontent.com/PokeAPI/sprites/master/sprites/pokemon/257.png
Chi-Yu,200,N,https://raw.githubusercontent.com/PokeAPI/sprites/master/sprites/pokemon/1004.png
Deoxys-Speed,200,N,https://raw.githubusercontent.com/PokeAPI/sprites/master/sprites/pokemon/10003.png
Dracovish,200,N,https://raw.githubusercontent.com/PokeAPI/sprites/master/sprites/pokemon/882.png
Galarian Darmanitan,200,N,https://raw.githubusercontent.com/PokeAPI/sprites/master/sprites/pokemon/10177.png
Garchomp,200,N,https://raw.githubusercontent.com/PokeAPI/sprites/master/sprites/pokemon/445.png
Gouging Fire,200,N,https://raw.githubusercontent.com/PokeAPI/sprites/master/sprites/pokemon/1020.png
Greninja,200,N,https://raw.githubusercontent.com/PokeAPI/sprites/master/sprites/pokemon/658.png
Iron Bundle,200,N,https://raw.githubusercontent.com/PokeAPI/sprites/master/sprites/pokemon/991.png
Kobee,200,N,https://play.pokemonshowdown.com/sprites/trainers/doctor-gen8.png
Kommo-o,200,N,https://raw.githubusercontent.com/PokeAPI/sprites/master/sprites/pokemon/784.png
Kyurem,200,N,https://raw.githubusercontent.com/PokeAPI/sprites/master/sprites/pokemon/646.png
Landorus Therian,200,N,https://raw.githubusercontent.com/PokeAPI/sprites/master/sprites/pokemon/10021.png
Latias,200,N,https://raw.githubusercontent.com/PokeAPI/sprites/master/sprites/pokemon/380.png
Latios,200,N,https://raw.githubusercontent.com/PokeAPI/sprites/master/sprites/pokemon/381.png
Mega Baxcalibur,200,Y,https://raw.githubusercontent.com/PokeAPI/sprites/master/sprites/pokemon/other/official-artwork/10325.png
Mega Excadrill,200,Y,https://raw.githubusercontent.com/PokeAPI/sprites/master/sprites/pokemon/other/official-artwork/10287.png
Mega Gardevoir,200,Y,https://raw.githubusercontent.com/PokeAPI/sprites/master/sprites/pokemon/10051.png
Mega Mawile,200,Y,https://raw.githubusercontent.com/PokeAPI/sprites/master/sprites/pokemon/10052.png
Mega Meowstic,200,Y,https://raw.githubusercontent.com/PokeAPI/sprites/master/sprites/pokemon/other/official-artwork/10314.png
Mega Starmie,200,Y,https://raw.githubusercontent.com/PokeAPI/sprites/master/sprites/pokemon/other/official-artwork/10280.png
Melmetal,200,N,https://raw.githubusercontent.com/PokeAPI/sprites/master/sprites/pokemon/809.png
Meowscarada,200,N,https://raw.githubusercontent.com/PokeAPI/sprites/master/sprites/pokemon/908.png
Roaring Moon,200,N,https://raw.githubusercontent.com/PokeAPI/sprites/master/sprites/pokemon/1005.png
Sneasler,200,N,https://raw.githubusercontent.com/PokeAPI/sprites/master/sprites/pokemon/903.png
Tapu Koko,200,N,https://raw.githubusercontent.com/PokeAPI/sprites/master/sprites/pokemon/785.png
Tapu Lele,200,N,https://raw.githubusercontent.com/PokeAPI/sprites/master/sprites/pokemon/786.png
Tornadus Therian,200,N,https://raw.githubusercontent.com/PokeAPI/sprites/master/sprites/pokemon/10019.png
Zeraora,200,N,https://raw.githubusercontent.com/PokeAPI/sprites/master/sprites/pokemon/807.png
Zygarde-50%,200,N,https://raw.githubusercontent.com/PokeAPI/sprites/master/sprites/pokemon/718.png
Aegislash,180,N,https://raw.githubusercontent.com/PokeAPI/sprites/master/sprites/pokemon/681.png
Annihilape,180,N,https://raw.githubusercontent.com/PokeAPI/sprites/master/sprites/pokemon/979.png
Basculegion Female,180,N,https://raw.githubusercontent.com/PokeAPI/sprites/master/sprites/pokemon/10248.png
Baxcalibur,180,N,https://raw.githubusercontent.com/PokeAPI/sprites/master/sprites/pokemon/998.png
Blacephalon,180,N,https://raw.githubusercontent.com/PokeAPI/sprites/master/sprites/pokemon/806.png
Celesteela,180,N,https://raw.githubusercontent.com/PokeAPI/sprites/master/sprites/pokemon/797.png
Cinderace,180,N,https://raw.githubusercontent.com/PokeAPI/sprites/master/sprites/pokemon/815.png
Enamorus Incarnate,180,N,https://raw.githubusercontent.com/PokeAPI/sprites/master/sprites/pokemon/905.png
Ferrothorn,180,N,https://raw.githubusercontent.com/PokeAPI/sprites/master/sprites/pokemon/598.png
Galarian Slowking,180,N,https://raw.githubusercontent.com/PokeAPI/sprites/master/sprites/pokemon/10172.png
Gholdengo,180,N,https://raw.githubusercontent.com/PokeAPI/sprites/master/sprites/pokemon/1000.png
Gliscor,180,N,https://raw.githubusercontent.com/PokeAPI/sprites/master/sprites/pokemon/472.png
Heatran,180,N,https://raw.githubusercontent.com/PokeAPI/sprites/master/sprites/pokemon/485.png
Helios,180,N,https://play.pokemonshowdown.com/sprites/trainers/gambler.png
Hisuian Samurott,180,N,https://raw.githubusercontent.com/PokeAPI/sprites/master/sprites/pokemon/10236.png
Hydreigon,180,N,https://raw.githubusercontent.com/PokeAPI/sprites/master/sprites/pokemon/635.png
Iron Moth,180,N,https://raw.githubusercontent.com/PokeAPI/sprites/master/sprites/pokemon/994.png
Iron Treads,180,N,https://raw.githubusercontent.com/PokeAPI/sprites/master/sprites/pokemon/990.png
Jirachi,180,N,https://raw.githubusercontent.com/PokeAPI/sprites/master/sprites/pokemon/385.png
Kartana,180,N,https://raw.githubusercontent.com/PokeAPI/sprites/master/sprites/pokemon/798.png
Kingambit,180,N,https://raw.githubusercontent.com/PokeAPI/sprites/master/sprites/pokemon/983.png
Landorus Incarnate,180,N,https://raw.githubusercontent.com/PokeAPI/sprites/master/sprites/pokemon/645.png
Manaphy,180,N,https://raw.githubusercontent.com/PokeAPI/sprites/master/sprites/pokemon/490.png
Mega Altaria,180,Y,https://raw.githubusercontent.com/PokeAPI/sprites/master/sprites/pokemon/10067.png
Mega Charizard X,180,Y,https://raw.githubusercontent.com/PokeAPI/sprites/master/sprites/pokemon/10034.png
Mega Charizard Y,180,Y,https://raw.githubusercontent.com/PokeAPI/sprites/master/sprites/pokemon/10035.png
Mega Clefable,180,Y,https://raw.githubusercontent.com/PokeAPI/sprites/master/sprites/pokemon/other/official-artwork/10278.png
Mega Darkrai,180,Y,https://raw.githubusercontent.com/PokeAPI/sprites/master/sprites/pokemon/other/official-artwork/10312.png
Mega Delphox,180,Y,https://raw.githubusercontent.com/PokeAPI/sprites/master/sprites/pokemon/other/official-artwork/10293.png
Mega Diancie,180,Y,https://raw.githubusercontent.com/PokeAPI/sprites/master/sprites/pokemon/10075.png
Mega Dragonite,180,Y,https://raw.githubusercontent.com/PokeAPI/sprites/master/sprites/pokemon/10281.png
Mega Heatran,180,Y,https://raw.githubusercontent.com/PokeAPI/sprites/master/sprites/pokemon/other/official-artwork/10311.png
Mega Medicham,180,Y,https://raw.githubusercontent.com/PokeAPI/sprites/master/sprites/pokemon/10054.png
Mega Scizor,180,Y,https://raw.githubusercontent.com/PokeAPI/sprites/master/sprites/pokemon/10046.png
Mega Tyranitar,180,Y,https://raw.githubusercontent.com/PokeAPI/sprites/master/sprites/pokemon/10049.png
Mew,180,N,https://raw.githubusercontent.com/PokeAPI/sprites/master/sprites/pokemon/151.png
Necrozma,180,N,https://raw.githubusercontent.com/PokeAPI/sprites/master/sprites/pokemon/800.png
Ogerpon Wellspring,180,N,https://raw.githubusercontent.com/PokeAPI/sprites/master/sprites/pokemon/10273.png
Raging Bolt,180,N,https://raw.githubusercontent.com/PokeAPI/sprites/master/sprites/pokemon/1021.png
Tapu Fini,180,N,https://raw.githubusercontent.com/PokeAPI/sprites/master/sprites/pokemon/788.png
Terapagos,180,N,https://raw.githubusercontent.com/PokeAPI/sprites/master/sprites/pokemon/1024.png
Ting-Lu,180,N,https://raw.githubusercontent.com/PokeAPI/sprites/master/sprites/pokemon/1003.png
Ursaluna-Bloodmoon,180,N,https://raw.githubusercontent.com/PokeAPI/sprites/master/sprites/pokemon/10272.png
Urshifu-Rapid-Strike,180,N,https://raw.githubusercontent.com/PokeAPI/sprites/master/sprites/pokemon/10191.png
Walking Wake,180,N,https://raw.githubusercontent.com/PokeAPI/sprites/master/sprites/pokemon/1009.png
Weavile,180,N,https://raw.githubusercontent.com/PokeAPI/sprites/master/sprites/pokemon/461.png
Alakazam,160,N,https://raw.githubusercontent.com/PokeAPI/sprites/master/sprites/pokemon/65.png
Archaludon,160,N,https://raw.githubusercontent.com/PokeAPI/sprites/master/sprites/pokemon/1018.png
Buzzwole,160,N,https://raw.githubusercontent.com/PokeAPI/sprites/master/sprites/pokemon/794.png
Clefable,160,N,https://raw.githubusercontent.com/PokeAPI/sprites/master/sprites/pokemon/36.png
Corviknight,160,N,https://raw.githubusercontent.com/PokeAPI/sprites/master/sprites/pokemon/823.png
Dragonite,160,N,https://raw.githubusercontent.com/PokeAPI/sprites/master/sprites/pokemon/149.png
Enamorus Therian,160,N,https://raw.githubusercontent.com/PokeAPI/sprites/master/sprites/pokemon/10249.png
Excadrill,160,N,https://raw.githubusercontent.com/PokeAPI/sprites/master/sprites/pokemon/530.png
Galarian Zapdos,160,N,https://raw.githubusercontent.com/PokeAPI/sprites/master/sprites/pokemon/10170.png
Hoopa-Unbound,160,N,https://raw.githubusercontent.com/PokeAPI/sprites/master/sprites/pokemon/10086.png
Iron Boulder,160,N,https://raw.githubusercontent.com/PokeAPI/sprites/master/sprites/pokemon/1022.png
Iron Crown,160,N,https://raw.githubusercontent.com/PokeAPI/sprites/master/sprites/pokemon/1023.png
Iron Hands,160,N,https://raw.githubusercontent.com/PokeAPI/sprites/master/sprites/pokemon/992.png
Keldeo,160,N,https://raw.githubusercontent.com/PokeAPI/sprites/master/sprites/pokemon/647.png
Mamoswine,160,N,https://raw.githubusercontent.com/PokeAPI/sprites/master/sprites/pokemon/473.png
Mega Feraligatr,160,Y,https://raw.githubusercontent.com/PokeAPI/sprites/master/sprites/pokemon/other/official-artwork/10283.png
Mega Floette,160,Y,https://raw.githubusercontent.com/PokeAPI/sprites/master/sprites/pokemon/other/official-artwork/10296.png
Mega Gyarados,160,Y,https://raw.githubusercontent.com/PokeAPI/sprites/master/sprites/pokemon/10041.png
Mega Pinsir,160,Y,https://raw.githubusercontent.com/PokeAPI/sprites/master/sprites/pokemon/10040.png
Mega Skarmory,160,Y,https://raw.githubusercontent.com/PokeAPI/sprites/master/sprites/pokemon/other/official-artwork/10284.png
Ogerpon Hearthflame,160,N,https://raw.githubusercontent.com/PokeAPI/sprites/master/sprites/pokemon/10274.png
Ogerpon Teal,160,N,https://raw.githubusercontent.com/PokeAPI/sprites/master/sprites/pokemon/1017.png
Primarina,160,N,https://raw.githubusercontent.com/PokeAPI/sprites/master/sprites/pokemon/730.png
Quaquaval,180,N,https://raw.githubusercontent.com/PokeAPI/sprites/master/sprites/pokemon/914.png
Rillaboom,160,N,https://raw.githubusercontent.com/PokeAPI/sprites/master/sprites/pokemon/812.png
Rotom-Wash,160,N,https://raw.githubusercontent.com/PokeAPI/sprites/master/sprites/pokemon/10009.png
Salamence,160,N,https://raw.githubusercontent.com/PokeAPI/sprites/master/sprites/pokemon/373.png
Scizor,160,N,https://raw.githubusercontent.com/PokeAPI/sprites/master/sprites/pokemon/212.png
Skeledirge,160,N,https://raw.githubusercontent.com/PokeAPI/sprites/master/sprites/pokemon/911.png
Tapu Bulu,160,N,https://raw.githubusercontent.com/PokeAPI/sprites/master/sprites/pokemon/787.png
Thundurus Incarnate,160,N,https://raw.githubusercontent.com/PokeAPI/sprites/master/sprites/pokemon/642.png
Thundurus Therian,160,N,https://raw.githubusercontent.com/PokeAPI/sprites/master/sprites/pokemon/10020.png
Toxapex,160,N,https://raw.githubusercontent.com/PokeAPI/sprites/master/sprites/pokemon/748.png
Tyranitar,160,N,https://raw.githubusercontent.com/PokeAPI/sprites/master/sprites/pokemon/248.png
Ursaluna,160,N,https://raw.githubusercontent.com/PokeAPI/sprites/master/sprites/pokemon/901.png
Victini,160,N,https://raw.githubusercontent.com/PokeAPI/sprites/master/sprites/pokemon/494.png
Zapdos,160,N,https://raw.githubusercontent.com/PokeAPI/sprites/master/sprites/pokemon/145.png
Alolan Ninetales,140,N,https://raw.githubusercontent.com/PokeAPI/sprites/master/sprites/pokemon/10104.png
Armarouge,140,N,https://raw.githubusercontent.com/PokeAPI/sprites/master/sprites/pokemon/936.png
Azumarill,140,N,https://raw.githubusercontent.com/PokeAPI/sprites/master/sprites/pokemon/184.png
Breloom,140,N,https://raw.githubusercontent.com/PokeAPI/sprites/master/sprites/pokemon/286.png
Ceruledge,140,N,https://raw.githubusercontent.com/PokeAPI/sprites/master/sprites/pokemon/937.png
Clodsire,140,N,https://raw.githubusercontent.com/PokeAPI/sprites/master/sprites/pokemon/980.png
Darmanitan,140,N,https://raw.githubusercontent.com/PokeAPI/sprites/master/sprites/pokemon/555.png
Deoxys-Defense,140,N,https://raw.githubusercontent.com/PokeAPI/sprites/master/sprites/pokemon/10002.png
Diggersby,140,N,https://raw.githubusercontent.com/PokeAPI/sprites/master/sprites/pokemon/660.png
Dracozolt,140,N,https://raw.githubusercontent.com/PokeAPI/sprites/master/sprites/pokemon/880.png
Empoleon,140,N,https://raw.githubusercontent.com/PokeAPI/sprites/master/sprites/pokemon/395.png
Fer,140,N,https://play.pokemonshowdown.com/sprites/trainers/benga.png
Galarian Moltres,140,N,https://raw.githubusercontent.com/PokeAPI/sprites/master/sprites/pokemon/10171.png
Gengar,140,N,https://raw.githubusercontent.com/PokeAPI/sprites/master/sprites/pokemon/94.png
Glimmora,140,N,https://raw.githubusercontent.com/PokeAPI/sprites/master/sprites/pokemon/970.png
Gothitelle,140,N,https://raw.githubusercontent.com/PokeAPI/sprites/master/sprites/pokemon/576.png
Grimmsnarl,140,N,https://raw.githubusercontent.com/PokeAPI/sprites/master/sprites/pokemon/861.png
Hawlucha,140,N,https://raw.githubusercontent.com/PokeAPI/sprites/master/sprites/pokemon/701.png
Hisuian Arcanine,140,N,https://raw.githubusercontent.com/PokeAPI/sprites/master/sprites/pokemon/10230.png
Hisuian Goodra,140,N,https://raw.githubusercontent.com/PokeAPI/sprites/master/sprites/pokemon/10242.png
Hydrapple,140,N,https://raw.githubusercontent.com/PokeAPI/sprites/master/sprites/pokemon/1019.png
Infernape,140,N,https://raw.githubusercontent.com/PokeAPI/sprites/master/sprites/pokemon/392.png
Mandibuzz,140,N,https://raw.githubusercontent.com/PokeAPI/sprites/master/sprites/pokemon/630.png
Mega Aerodactyl,140,Y,https://raw.githubusercontent.com/PokeAPI/sprites/master/sprites/pokemon/10042.png
Mega Beedrill,140,Y,https://raw.githubusercontent.com/PokeAPI/sprites/master/sprites/pokemon/10090.png
Mega Chesnaught,140,Y,https://raw.githubusercontent.com/PokeAPI/sprites/master/sprites/pokemon/other/official-artwork/10292.png
Mega Garchomp,140,Y,https://raw.githubusercontent.com/PokeAPI/sprites/master/sprites/pokemon/10058.png
Mega Glimmora,140,Y,https://raw.githubusercontent.com/PokeAPI/sprites/master/sprites/pokemon/other/official-artwork/10321.png
Mega Golisopod,140,Y,https://raw.githubusercontent.com/PokeAPI/sprites/master/sprites/pokemon/other/official-artwork/10316.png
Mega Hawlucha,140,Y,https://raw.githubusercontent.com/PokeAPI/sprites/master/sprites/pokemon/other/official-artwork/10300.png
Mega Manectric,140,Y,https://raw.githubusercontent.com/PokeAPI/sprites/master/sprites/pokemon/10055.png
Mega Raichu Y,140,Y,https://raw.githubusercontent.com/PokeAPI/sprites/master/sprites/pokemon/other/official-artwork/10305.png
Mega Sableye,140,Y,https://raw.githubusercontent.com/PokeAPI/sprites/master/sprites/pokemon/10066.png
Mega Staraptor,140,Y,https://raw.githubusercontent.com/PokeAPI/sprites/master/sprites/pokemon/other/official-artwork/10308.png
Mega Swampert,140,Y,https://raw.githubusercontent.com/PokeAPI/sprites/master/sprites/pokemon/10064.png
Mega Venusaur,140,Y,https://raw.githubusercontent.com/PokeAPI/sprites/master/sprites/pokemon/10033.png
Nidoking,140,N,https://raw.githubusercontent.com/PokeAPI/sprites/master/sprites/pokemon/34.png
Nidoqueen,140,N,https://raw.githubusercontent.com/PokeAPI/sprites/master/sprites/pokemon/31.png
Nihilego,140,N,https://raw.githubusercontent.com/PokeAPI/sprites/master/sprites/pokemon/793.png
Ogerpon Cornerstone,140,N,https://raw.githubusercontent.com/PokeAPI/sprites/master/sprites/pokemon/10275.png
Pecharunt,140,N,https://raw.githubusercontent.com/PokeAPI/sprites/master/sprites/pokemon/1025.png
Scream Tail,140,N,https://raw.githubusercontent.com/PokeAPI/sprites/master/sprites/pokemon/985.png
Serperior,140,N,https://raw.githubusercontent.com/PokeAPI/sprites/master/sprites/pokemon/497.png
Skarmory,140,N,https://raw.githubusercontent.com/PokeAPI/sprites/master/sprites/pokemon/227.png
Slither Wing,140,N,https://raw.githubusercontent.com/PokeAPI/sprites/master/sprites/pokemon/988.png
Slowking,140,N,https://raw.githubusercontent.com/PokeAPI/sprites/master/sprites/pokemon/199.png
Suicune,140,N,https://raw.githubusercontent.com/PokeAPI/sprites/master/sprites/pokemon/245.png
Terrakion,140,N,https://raw.githubusercontent.com/PokeAPI/sprites/master/sprites/pokemon/639.png
Volcarona,140,N,https://raw.githubusercontent.com/PokeAPI/sprites/master/sprites/pokemon/637.png
Xurkitree,140,N,https://raw.githubusercontent.com/PokeAPI/sprites/master/sprites/pokemon/796.png
Zarude,140,N,https://raw.githubusercontent.com/PokeAPI/sprites/master/sprites/pokemon/893.png
Alomomola,120,N,https://raw.githubusercontent.com/PokeAPI/sprites/master/sprites/pokemon/594.png
Amoonguss,120,N,https://raw.githubusercontent.com/PokeAPI/sprites/master/sprites/pokemon/591.png
Azelf,120,N,https://raw.githubusercontent.com/PokeAPI/sprites/master/sprites/pokemon/482.png
Barraskewda,120,N,https://raw.githubusercontent.com/PokeAPI/sprites/master/sprites/pokemon/847.png
Bisharp,120,N,https://raw.githubusercontent.com/PokeAPI/sprites/master/sprites/pokemon/625.png
Blastoise,120,N,https://raw.githubusercontent.com/PokeAPI/sprites/master/sprites/pokemon/9.png
Blissey,120,N,https://raw.githubusercontent.com/PokeAPI/sprites/master/sprites/pokemon/242.png
Celebi,120,N,https://raw.githubusercontent.com/PokeAPI/sprites/master/sprites/pokemon/251.png
Cobalion,120,N,https://raw.githubusercontent.com/PokeAPI/sprites/master/sprites/pokemon/638.png
Conkeldurr,120,N,https://raw.githubusercontent.com/PokeAPI/sprites/master/sprites/pokemon/534.png
Cresselia,120,N,https://raw.githubusercontent.com/PokeAPI/sprites/master/sprites/pokemon/488.png
Dondozo,120,N,https://raw.githubusercontent.com/PokeAPI/sprites/master/sprites/pokemon/977.png
Donphan,120,N,https://raw.githubusercontent.com/PokeAPI/sprites/master/sprites/pokemon/232.png
Dugtrio,120,N,https://raw.githubusercontent.com/PokeAPI/sprites/master/sprites/pokemon/51.png
Entei,120,N,https://raw.githubusercontent.com/PokeAPI/sprites/master/sprites/pokemon/244.png
Espathra,120,N,https://raw.githubusercontent.com/PokeAPI/sprites/master/sprites/pokemon/956.png
Feraligatr,120,N,https://raw.githubusercontent.com/PokeAPI/sprites/master/sprites/pokemon/160.png
Fezandipiti,120,N,https://raw.githubusercontent.com/PokeAPI/sprites/master/sprites/pokemon/1016.png
Floette-Eternal,120,N,https://raw.githubusercontent.com/PokeAPI/sprites/master/sprites/pokemon/10061.png
Galarian Weezing,120,N,https://raw.githubusercontent.com/PokeAPI/sprites/master/sprites/pokemon/10167.png
Gastrodon,120,N,https://raw.githubusercontent.com/PokeAPI/sprites/master/sprites/pokemon/423.png
Goodra,120,N,https://raw.githubusercontent.com/PokeAPI/sprites/master/sprites/pokemon/706.png
Gyarados,120,N,https://raw.githubusercontent.com/PokeAPI/sprites/master/sprites/pokemon/130.png
Hatterene,120,N,https://raw.githubusercontent.com/PokeAPI/sprites/master/sprites/pokemon/858.png
Haxorus,120,N,https://raw.githubusercontent.com/PokeAPI/sprites/master/sprites/pokemon/612.png
Hippowdon,120,N,https://raw.githubusercontent.com/PokeAPI/sprites/master/sprites/pokemon/450.png
Hisuian Zoroark,120,N,https://raw.githubusercontent.com/PokeAPI/sprites/master/sprites/pokemon/10239.png
Incineroar,120,N,https://raw.githubusercontent.com/PokeAPI/sprites/master/sprites/pokemon/727.png
Iron Jugulis,120,N,https://raw.githubusercontent.com/PokeAPI/sprites/master/sprites/pokemon/993.png
Kingdra,120,N,https://raw.githubusercontent.com/PokeAPI/sprites/master/sprites/pokemon/230.png
Kleavor,120,N,https://raw.githubusercontent.com/PokeAPI/sprites/master/sprites/pokemon/900.png
Klefki,120,N,https://raw.githubusercontent.com/PokeAPI/sprites/master/sprites/pokemon/707.png
Krookodile,120,N,https://raw.githubusercontent.com/PokeAPI/sprites/master/sprites/pokemon/553.png
Lokix,120,N,https://raw.githubusercontent.com/PokeAPI/sprites/master/sprites/pokemon/920.png
Lucario,120,N,https://raw.githubusercontent.com/PokeAPI/sprites/master/sprites/pokemon/448.png
Magnezone,120,N,https://raw.githubusercontent.com/PokeAPI/sprites/master/sprites/pokemon/462.png
Mega Absol,120,Y,https://raw.githubusercontent.com/PokeAPI/sprites/master/sprites/pokemon/10057.png
Mega Aggron,120,Y,https://raw.githubusercontent.com/PokeAPI/sprites/master/sprites/pokemon/10053.png
Mega Barbaracle,120,Y,https://raw.githubusercontent.com/PokeAPI/sprites/master/sprites/pokemon/other/official-artwork/10298.png
Mega Chandelure,120,Y,https://raw.githubusercontent.com/PokeAPI/sprites/master/sprites/pokemon/other/official-artwork/10291.png
Mega Dragalge,120,Y,https://raw.githubusercontent.com/PokeAPI/sprites/master/sprites/pokemon/other/official-artwork/10299.png
Mega Eelektross,120,Y,https://raw.githubusercontent.com/PokeAPI/sprites/master/sprites/pokemon/other/official-artwork/10290.png
Mega Emboar,120,Y,https://raw.githubusercontent.com/PokeAPI/sprites/master/sprites/pokemon/other/official-artwork/10286.png
Mega Froslass,120,Y,https://raw.githubusercontent.com/PokeAPI/sprites/master/sprites/pokemon/other/official-artwork/10285.png
Mega Heracross,140,Y,https://raw.githubusercontent.com/PokeAPI/sprites/master/sprites/pokemon/10047.png
Mega Pidgeot,120,Y,https://raw.githubusercontent.com/PokeAPI/sprites/master/sprites/pokemon/10073.png
Mega Slowbro,120,Y,https://raw.githubusercontent.com/PokeAPI/sprites/master/sprites/pokemon/10071.png
Mega Tatsugiri,120,Y,https://raw.githubusercontent.com/PokeAPI/sprites/master/sprites/pokemon/10259.png
Metagross,120,N,https://raw.githubusercontent.com/PokeAPI/sprites/master/sprites/pokemon/376.png
Mienshao,120,N,https://raw.githubusercontent.com/PokeAPI/sprites/master/sprites/pokemon/620.png
Milotic,120,N,https://raw.githubusercontent.com/PokeAPI/sprites/master/sprites/pokemon/350.png
Mimikyu,120,N,https://raw.githubusercontent.com/PokeAPI/sprites/master/sprites/pokemon/778.png
Moltres,120,N,https://raw.githubusercontent.com/PokeAPI/sprites/master/sprites/pokemon/146.png
Munkidori,120,N,https://raw.githubusercontent.com/PokeAPI/sprites/master/sprites/pokemon/1015.png
Okidogi,120,N,https://raw.githubusercontent.com/PokeAPI/sprites/master/sprites/pokemon/1014.png
Pelipper,120,N,https://raw.githubusercontent.com/PokeAPI/sprites/master/sprites/pokemon/279.png
Polteageist,120,N,https://raw.githubusercontent.com/PokeAPI/sprites/master/sprites/pokemon/855.png
Raikou,120,N,https://raw.githubusercontent.com/PokeAPI/sprites/master/sprites/pokemon/243.png
Reuniclus,120,N,https://raw.githubusercontent.com/PokeAPI/sprites/master/sprites/pokemon/579.png
Ribombee,120,N,https://raw.githubusercontent.com/PokeAPI/sprites/master/sprites/pokemon/743.png
Rotom-Heat,120,N,https://raw.githubusercontent.com/PokeAPI/sprites/master/sprites/pokemon/10008.png
Sandy Shocks,120,N,https://raw.githubusercontent.com/PokeAPI/sprites/master/sprites/pokemon/989.png
Scolipede,120,N,https://raw.githubusercontent.com/PokeAPI/sprites/master/sprites/pokemon/545.png
Shaymin,120,N,https://raw.githubusercontent.com/PokeAPI/sprites/master/sprites/pokemon/492.png
Silvally,120,N,https://raw.githubusercontent.com/PokeAPI/sprites/master/sprites/pokemon/773.png
Sinistcha,120,N,https://raw.githubusercontent.com/PokeAPI/sprites/master/sprites/pokemon/1013.png
Slowbro,120,N,https://raw.githubusercontent.com/PokeAPI/sprites/master/sprites/pokemon/80.png
Snorlax,120,N,https://raw.githubusercontent.com/PokeAPI/sprites/master/sprites/pokemon/143.png
Stakataka,120,N,https://raw.githubusercontent.com/PokeAPI/sprites/master/sprites/pokemon/805.png
Starmie,120,N,https://raw.githubusercontent.com/PokeAPI/sprites/master/sprites/pokemon/121.png
Swampert,120,N,https://raw.githubusercontent.com/PokeAPI/sprites/master/sprites/pokemon/260.png
Sylveon,120,N,https://raw.githubusercontent.com/PokeAPI/sprites/master/sprites/pokemon/700.png
Tangrowth,120,N,https://raw.githubusercontent.com/PokeAPI/sprites/master/sprites/pokemon/465.png
Tinkaton,120,N,https://raw.githubusercontent.com/PokeAPI/sprites/master/sprites/pokemon/959.png
Togekiss,120,N,https://raw.githubusercontent.com/PokeAPI/sprites/master/sprites/pokemon/468.png
Torkoal,120,N,https://raw.githubusercontent.com/PokeAPI/sprites/master/sprites/pokemon/324.png
Toxtricity,120,N,https://raw.githubusercontent.com/PokeAPI/sprites/master/sprites/pokemon/849.png
Volcanion,120,N,https://raw.githubusercontent.com/PokeAPI/sprites/master/sprites/pokemon/721.png
Alolan Muk,100,N,https://raw.githubusercontent.com/PokeAPI/sprites/master/sprites/pokemon/10113.png
Araquanid,100,N,https://raw.githubusercontent.com/PokeAPI/sprites/master/sprites/pokemon/752.png
Arcanine,100,N,https://raw.githubusercontent.com/PokeAPI/sprites/master/sprites/pokemon/59.png
Arctozolt,100,N,https://raw.githubusercontent.com/PokeAPI/sprites/master/sprites/pokemon/881.png
Basculegion Male,200,N,https://raw.githubusercontent.com/PokeAPI/sprites/master/sprites/pokemon/902.png
Bewear,100,N,https://raw.githubusercontent.com/PokeAPI/sprites/master/sprites/pokemon/760.png
Brambleghast,100,N,https://raw.githubusercontent.com/PokeAPI/sprites/master/sprites/pokemon/947.png
Bronzong,100,N,https://raw.githubusercontent.com/PokeAPI/sprites/master/sprites/pokemon/437.png
Chandelure,100,N,https://raw.githubusercontent.com/PokeAPI/sprites/master/sprites/pokemon/609.png
Chansey,100,N,https://raw.githubusercontent.com/PokeAPI/sprites/master/sprites/pokemon/113.png
Chesnaught,100,N,https://raw.githubusercontent.com/PokeAPI/sprites/master/sprites/pokemon/652.png
Crawdaunt,100,N,https://raw.githubusercontent.com/PokeAPI/sprites/master/sprites/pokemon/342.png
Crobat,100,N,https://raw.githubusercontent.com/PokeAPI/sprites/master/sprites/pokemon/169.png
Cyclizar,200,N,https://raw.githubusercontent.com/PokeAPI/sprites/master/sprites/pokemon/967.png
Dhelmise,100,N,https://raw.githubusercontent.com/PokeAPI/sprites/master/sprites/pokemon/781.png
Ditto,100,N,https://raw.githubusercontent.com/PokeAPI/sprites/master/sprites/pokemon/132.png
Doublade,100,N,https://raw.githubusercontent.com/PokeAPI/sprites/master/sprites/pokemon/680.png
Dragalge,100,N,https://raw.githubusercontent.com/PokeAPI/sprites/master/sprites/pokemon/691.png
Duraludon,100,N,https://raw.githubusercontent.com/PokeAPI/sprites/master/sprites/pokemon/884.png
Espeon,100,N,https://raw.githubusercontent.com/PokeAPI/sprites/master/sprites/pokemon/196.png
Flamigo,100,N,https://raw.githubusercontent.com/PokeAPI/sprites/master/sprites/pokemon/973.png
Florges,100,N,https://raw.githubusercontent.com/PokeAPI/sprites/master/sprites/pokemon/671.png
Flygon,100,N,https://raw.githubusercontent.com/PokeAPI/sprites/master/sprites/pokemon/330.png
Forretress,100,N,https://raw.githubusercontent.com/PokeAPI/sprites/master/sprites/pokemon/205.png
Galarian Slowbro,100,N,https://raw.githubusercontent.com/PokeAPI/sprites/master/sprites/pokemon/10165.png
Galvantula,100,N,https://raw.githubusercontent.com/PokeAPI/sprites/master/sprites/pokemon/596.png
Gardevoir,100,N,https://raw.githubusercontent.com/PokeAPI/sprites/master/sprites/pokemon/282.png
Garganacl,100,N,https://raw.githubusercontent.com/PokeAPI/sprites/master/sprites/pokemon/934.png
Gigalith,100,N,https://raw.githubusercontent.com/PokeAPI/sprites/master/sprites/pokemon/526.png
Heliolisk,100,N,https://raw.githubusercontent.com/PokeAPI/sprites/master/sprites/pokemon/695.png
Heracross,100,N,https://raw.githubusercontent.com/PokeAPI/sprites/master/sprites/pokemon/214.png
Hisuian Lilligant,100,N,https://raw.githubusercontent.com/PokeAPI/sprites/master/sprites/pokemon/10237.png
Hisuian Typhlosion,100,N,https://raw.githubusercontent.com/PokeAPI/sprites/master/sprites/pokemon/10233.png
Houndstone,200,N,https://raw.githubusercontent.com/PokeAPI/sprites/master/sprites/pokemon/972.png
Indeedee Female,100,N,https://raw.githubusercontent.com/PokeAPI/sprites/master/sprites/pokemon/10186.png
Indeedee Male,100,N,https://raw.githubusercontent.com/PokeAPI/sprites/master/sprites/pokemon/876.png
Inteleon,100,N,https://raw.githubusercontent.com/PokeAPI/sprites/master/sprites/pokemon/818.png
Iron Leaves,100,N,https://raw.githubusercontent.com/PokeAPI/sprites/master/sprites/pokemon/1010.png
Jellicent,100,N,https://raw.githubusercontent.com/PokeAPI/sprites/master/sprites/pokemon/593.png
Lycanroc Dusk,100,N,https://raw.githubusercontent.com/PokeAPI/sprites/master/sprites/pokemon/10152.png
Mantine,100,N,https://raw.githubusercontent.com/PokeAPI/sprites/master/sprites/pokemon/226.png
Maushold,100,N,https://raw.githubusercontent.com/PokeAPI/sprites/master/sprites/pokemon/925.png
Mega Audino,100,Y,https://raw.githubusercontent.com/PokeAPI/sprites/master/sprites/pokemon/10069.png
Mega Falinks,100,Y,https://raw.githubusercontent.com/PokeAPI/sprites/master/sprites/pokemon/other/official-artwork/10303.png
Mega Golurk,100,Y,https://raw.githubusercontent.com/PokeAPI/sprites/master/sprites/pokemon/other/official-artwork/10313.png
Mega Houndoom,100,Y,https://raw.githubusercontent.com/PokeAPI/sprites/master/sprites/pokemon/10048.png
Mega Meganium,100,Y,https://raw.githubusercontent.com/PokeAPI/sprites/master/sprites/pokemon/other/official-artwork/10282.png
Mega Pyroar,100,Y,https://raw.githubusercontent.com/PokeAPI/sprites/master/sprites/pokemon/other/official-artwork/10295.png
Mega Sceptile,120,Y,https://raw.githubusercontent.com/PokeAPI/sprites/master/sprites/pokemon/10065.png
Mega Scolipede,100,Y,https://raw.githubusercontent.com/PokeAPI/sprites/master/sprites/pokemon/other/official-artwork/10288.png
Mega Scrafty,100,Y,https://raw.githubusercontent.com/PokeAPI/sprites/master/sprites/pokemon/other/official-artwork/10289.png
Mega Sharpedo,100,Y,https://raw.githubusercontent.com/PokeAPI/sprites/master/sprites/pokemon/10070.png
Mega Steelix,100,Y,https://raw.githubusercontent.com/PokeAPI/sprites/master/sprites/pokemon/10072.png
Mega Victreebel,100,Y,https://raw.githubusercontent.com/PokeAPI/sprites/master/sprites/pokemon/10279.png
Mudsdale,100,N,https://raw.githubusercontent.com/PokeAPI/sprites/master/sprites/pokemon/750.png
Ninetales,100,N,https://raw.githubusercontent.com/PokeAPI/sprites/master/sprites/pokemon/38.png
Noivern,100,N,https://raw.githubusercontent.com/PokeAPI/sprites/master/sprites/pokemon/715.png
Obstagoon,100,N,https://raw.githubusercontent.com/PokeAPI/sprites/master/sprites/pokemon/862.png
Overqwil,100,N,https://raw.githubusercontent.com/PokeAPI/sprites/master/sprites/pokemon/904.png
Paldean Tauros Aqua,100,N,https://raw.githubusercontent.com/PokeAPI/sprites/master/sprites/pokemon/10252.png
Paldean Tauros Blaze,100,N,https://raw.githubusercontent.com/PokeAPI/sprites/master/sprites/pokemon/10251.png
Pangoro,100,N,https://raw.githubusercontent.com/PokeAPI/sprites/master/sprites/pokemon/675.png
Paypol,100,N,https://play.pokemonshowdown.com/sprites/trainers/youngster.png
Pawmot,140,N,https://raw.githubusercontent.com/PokeAPI/sprites/master/sprites/pokemon/923.png
Politoed,100,N,https://raw.githubusercontent.com/PokeAPI/sprites/master/sprites/pokemon/186.png
Porygon-Z,100,N,https://raw.githubusercontent.com/PokeAPI/sprites/master/sprites/pokemon/474.png
Porygon2,100,N,https://raw.githubusercontent.com/PokeAPI/sprites/master/sprites/pokemon/233.png
Quagsire,100,N,https://raw.githubusercontent.com/PokeAPI/sprites/master/sprites/pokemon/195.png
Regieleki,100,N,https://raw.githubusercontent.com/PokeAPI/sprites/master/sprites/pokemon/894.png
Registeel,100,N,https://raw.githubusercontent.com/PokeAPI/sprites/master/sprites/pokemon/379.png
Revavroom,100,N,https://raw.githubusercontent.com/PokeAPI/sprites/master/sprites/pokemon/966.png
Rotom-Mow,100,N,https://raw.githubusercontent.com/PokeAPI/sprites/master/sprites/pokemon/10012.png
Salazzle,100,N,https://raw.githubusercontent.com/PokeAPI/sprites/master/sprites/pokemon/758.png
Slurpuff,100,N,https://raw.githubusercontent.com/PokeAPI/sprites/master/sprites/pokemon/685.png
Staraptor,100,N,https://raw.githubusercontent.com/PokeAPI/sprites/master/sprites/pokemon/398.png
Tentacruel,100,N,https://raw.githubusercontent.com/PokeAPI/sprites/master/sprites/pokemon/73.png
Tornadus Incarnate,100,N,https://raw.githubusercontent.com/PokeAPI/sprites/master/sprites/pokemon/641.png
Tsareena,100,N,https://raw.githubusercontent.com/PokeAPI/sprites/master/sprites/pokemon/763.png
Uxie,100,N,https://raw.githubusercontent.com/PokeAPI/sprites/master/sprites/pokemon/480.png
Vanilluxe,100,N,https://raw.githubusercontent.com/PokeAPI/sprites/master/sprites/pokemon/584.png
Vaporeon,100,N,https://raw.githubusercontent.com/PokeAPI/sprites/master/sprites/pokemon/134.png
Venusaur,100,N,https://raw.githubusercontent.com/PokeAPI/sprites/master/sprites/pokemon/3.png
Vikavolt,100,N,https://raw.githubusercontent.com/PokeAPI/sprites/master/sprites/pokemon/738.png
Virizion,100,N,https://raw.githubusercontent.com/PokeAPI/sprites/master/sprites/pokemon/640.png
Whimsicott,100,N,https://raw.githubusercontent.com/PokeAPI/sprites/master/sprites/pokemon/547.png
Zoroark,100,N,https://raw.githubusercontent.com/PokeAPI/sprites/master/sprites/pokemon/571.png
Zygarde-10%,100,N,https://raw.githubusercontent.com/PokeAPI/sprites/master/sprites/pokemon/10118.png
Aerodactyl,80,N,https://raw.githubusercontent.com/PokeAPI/sprites/master/sprites/pokemon/142.png
Alolan Marowak,80,N,https://raw.githubusercontent.com/PokeAPI/sprites/master/sprites/pokemon/10115.png
Alolan Persian,80,N,https://raw.githubusercontent.com/PokeAPI/sprites/master/sprites/pokemon/10108.png
Alolan Raichu,80,N,https://raw.githubusercontent.com/PokeAPI/sprites/master/sprites/pokemon/10100.png
Ambipom,80,N,https://raw.githubusercontent.com/PokeAPI/sprites/master/sprites/pokemon/424.png
Appletun,80,N,https://raw.githubusercontent.com/PokeAPI/sprites/master/sprites/pokemon/842.png
Arboliva,80,N,https://raw.githubusercontent.com/PokeAPI/sprites/master/sprites/pokemon/930.png
Aromatisse,80,N,https://raw.githubusercontent.com/PokeAPI/sprites/master/sprites/pokemon/683.png
Aurorus,80,N,https://raw.githubusercontent.com/PokeAPI/sprites/master/sprites/pokemon/699.png
Barbaracle,80,N,https://raw.githubusercontent.com/PokeAPI/sprites/master/sprites/pokemon/689.png
Braviary,80,N,https://raw.githubusercontent.com/PokeAPI/sprites/master/sprites/pokemon/628.png
Brute Bonnet,80,N,https://raw.githubusercontent.com/PokeAPI/sprites/master/sprites/pokemon/986.png
Cetitan,80,N,https://raw.githubusercontent.com/PokeAPI/sprites/master/sprites/pokemon/975.png
Cinccino,80,N,https://raw.githubusercontent.com/PokeAPI/sprites/master/sprites/pokemon/573.png
Cloyster,80,N,https://raw.githubusercontent.com/PokeAPI/sprites/master/sprites/pokemon/91.png
Cofagrigus,80,N,https://raw.githubusercontent.com/PokeAPI/sprites/master/sprites/pokemon/563.png
Copperajah,80,N,https://raw.githubusercontent.com/PokeAPI/sprites/master/sprites/pokemon/879.png
Cradily,80,N,https://raw.githubusercontent.com/PokeAPI/sprites/master/sprites/pokemon/346.png
Dachsbun,80,N,https://raw.githubusercontent.com/PokeAPI/sprites/master/sprites/pokemon/927.png
Decidueye,80,N,https://raw.githubusercontent.com/PokeAPI/sprites/master/sprites/pokemon/724.png
Delphox,80,N,https://raw.githubusercontent.com/PokeAPI/sprites/master/sprites/pokemon/655.png
Diancie,80,N,https://raw.githubusercontent.com/PokeAPI/sprites/master/sprites/pokemon/719.png
Drapion,80,N,https://raw.githubusercontent.com/PokeAPI/sprites/master/sprites/pokemon/452.png
Drednaw,80,N,https://raw.githubusercontent.com/PokeAPI/sprites/master/sprites/pokemon/834.png
Dudunsparce,80,N,https://raw.githubusercontent.com/PokeAPI/sprites/master/sprites/pokemon/982.png
Durant,80,N,https://raw.githubusercontent.com/PokeAPI/sprites/master/sprites/pokemon/632.png
Eelektross,80,N,https://raw.githubusercontent.com/PokeAPI/sprites/master/sprites/pokemon/604.png
Emboar,80,N,https://raw.githubusercontent.com/PokeAPI/sprites/master/sprites/pokemon/500.png
Escavalier,80,N,https://raw.githubusercontent.com/PokeAPI/sprites/master/sprites/pokemon/589.png
Exploud,80,N,https://raw.githubusercontent.com/PokeAPI/sprites/master/sprites/pokemon/295.png
Farigiraf,80,N,https://raw.githubusercontent.com/PokeAPI/sprites/master/sprites/pokemon/981.png
Froslass,80,N,https://raw.githubusercontent.com/PokeAPI/sprites/master/sprites/pokemon/478.png
Galarian Articuno,80,N,https://raw.githubusercontent.com/PokeAPI/sprites/master/sprites/pokemon/10169.png
Galarian Corsola,80,N,https://raw.githubusercontent.com/PokeAPI/sprites/master/sprites/pokemon/10173.png
Gallade,80,N,https://raw.githubusercontent.com/PokeAPI/sprites/master/sprites/pokemon/475.png
Glastrier,80,N,https://raw.githubusercontent.com/PokeAPI/sprites/master/sprites/pokemon/896.png
Golisopod,80,N,https://raw.githubusercontent.com/PokeAPI/sprites/master/sprites/pokemon/768.png
Gourgeist,80,N,https://raw.githubusercontent.com/PokeAPI/sprites/master/sprites/pokemon/711.png
Grafaiai,80,N,https://raw.githubusercontent.com/PokeAPI/sprites/master/sprites/pokemon/945.png
Guzzlord,80,N,https://raw.githubusercontent.com/PokeAPI/sprites/master/sprites/pokemon/799.png
Hisuian Braviary,80,N,https://raw.githubusercontent.com/PokeAPI/sprites/master/sprites/pokemon/10240.png
Hisuian Decidueye,80,N,https://raw.githubusercontent.com/PokeAPI/sprites/master/sprites/pokemon/10244.png
Hisuian Electrode,80,N,https://raw.githubusercontent.com/PokeAPI/sprites/master/sprites/pokemon/10232.png
Hoopa,80,N,https://raw.githubusercontent.com/PokeAPI/sprites/master/sprites/pokemon/720.png
Iron Thorns,80,N,https://raw.githubusercontent.com/PokeAPI/sprites/master/sprites/pokemon/995.png
Jolteon,80,N,https://raw.githubusercontent.com/PokeAPI/sprites/master/sprites/pokemon/135.png
Kilowattrel,80,N,https://raw.githubusercontent.com/PokeAPI/sprites/master/sprites/pokemon/941.png
Lanturn,80,N,https://raw.githubusercontent.com/PokeAPI/sprites/master/sprites/pokemon/171.png
Lickilicky,80,N,https://raw.githubusercontent.com/PokeAPI/sprites/master/sprites/pokemon/463.png
Ludicolo,80,N,https://raw.githubusercontent.com/PokeAPI/sprites/master/sprites/pokemon/272.png
Lycanroc Midday,80,N,https://raw.githubusercontent.com/PokeAPI/sprites/master/sprites/pokemon/745.png
Machamp,80,N,https://raw.githubusercontent.com/PokeAPI/sprites/master/sprites/pokemon/68.png
Magmortar,80,N,https://raw.githubusercontent.com/PokeAPI/sprites/master/sprites/pokemon/467.png
Medicham,80,N,https://raw.githubusercontent.com/PokeAPI/sprites/master/sprites/pokemon/308.png
Mega Abomasnow,80,Y,https://raw.githubusercontent.com/PokeAPI/sprites/master/sprites/pokemon/10060.png
Mega Ampharos,80,Y,https://raw.githubusercontent.com/PokeAPI/sprites/master/sprites/pokemon/10045.png
Mega Banette,80,Y,https://raw.githubusercontent.com/PokeAPI/sprites/master/sprites/pokemon/10056.png
Mega Camerupt,80,Y,https://raw.githubusercontent.com/PokeAPI/sprites/master/sprites/pokemon/10087.png
Mega Crabominable,80,Y,https://raw.githubusercontent.com/PokeAPI/sprites/master/sprites/pokemon/other/official-artwork/10315.png
Mega Drampa,80,Y,https://raw.githubusercontent.com/PokeAPI/sprites/master/sprites/pokemon/other/official-artwork/10302.png
Mega Malamar,80,Y,https://raw.githubusercontent.com/PokeAPI/sprites/master/sprites/pokemon/other/official-artwork/10297.png
Mega Raichu X,80,Y,https://raw.githubusercontent.com/PokeAPI/sprites/master/sprites/pokemon/other/official-artwork/10304.png
Meloetta,80,N,https://raw.githubusercontent.com/PokeAPI/sprites/master/sprites/pokemon/648.png
Mesprit,80,N,https://raw.githubusercontent.com/PokeAPI/sprites/master/sprites/pokemon/481.png
Miltank,80,N,https://raw.githubusercontent.com/PokeAPI/sprites/master/sprites/pokemon/241.png
Minior,80,N,https://raw.githubusercontent.com/PokeAPI/sprites/master/sprites/pokemon/774.png
Mismagius,80,N,https://raw.githubusercontent.com/PokeAPI/sprites/master/sprites/pokemon/429.png
Omastar,80,N,https://raw.githubusercontent.com/PokeAPI/sprites/master/sprites/pokemon/139.png
Oricorio Pom-Pom,80,N,https://raw.githubusercontent.com/PokeAPI/sprites/master/sprites/pokemon/10123.png
Orthworm,140,N,https://raw.githubusercontent.com/PokeAPI/sprites/master/sprites/pokemon/968.png
Paldean Tauros,80,N,https://raw.githubusercontent.com/PokeAPI/sprites/master/sprites/pokemon/10250.png
Pincurchin,80,N,https://raw.githubusercontent.com/PokeAPI/sprites/master/sprites/pokemon/871.png
Poliwrath,80,N,https://raw.githubusercontent.com/PokeAPI/sprites/master/sprites/pokemon/62.png
Regidrago,80,N,https://raw.githubusercontent.com/PokeAPI/sprites/master/sprites/pokemon/895.png
Rhydon,80,N,https://raw.githubusercontent.com/PokeAPI/sprites/master/sprites/pokemon/112.png
Rhyperior,80,N,https://raw.githubusercontent.com/PokeAPI/sprites/master/sprites/pokemon/464.png
Roserade,80,N,https://raw.githubusercontent.com/PokeAPI/sprites/master/sprites/pokemon/407.png
Rotom-Fan,80,N,https://raw.githubusercontent.com/PokeAPI/sprites/master/sprites/pokemon/10011.png
Sandaconda,80,N,https://raw.githubusercontent.com/PokeAPI/sprites/master/sprites/pokemon/844.png
Sceptile,100,N,https://raw.githubusercontent.com/PokeAPI/sprites/master/sprites/pokemon/254.png
Scrafty,80,N,https://raw.githubusercontent.com/PokeAPI/sprites/master/sprites/pokemon/560.png
Seismitoad,80,N,https://raw.githubusercontent.com/PokeAPI/sprites/master/sprites/pokemon/537.png
Sharpedo,80,N,https://raw.githubusercontent.com/PokeAPI/sprites/master/sprites/pokemon/319.png
Shiftry,80,N,https://raw.githubusercontent.com/PokeAPI/sprites/master/sprites/pokemon/275.png
Sigilyph,80,N,https://raw.githubusercontent.com/PokeAPI/sprites/master/sprites/pokemon/561.png
Simipour,80,N,https://raw.githubusercontent.com/PokeAPI/sprites/master/sprites/pokemon/516.png
Steelix,80,N,https://raw.githubusercontent.com/PokeAPI/sprites/master/sprites/pokemon/208.png
Swellow,80,N,https://raw.githubusercontent.com/PokeAPI/sprites/master/sprites/pokemon/277.png
Talonflame,80,N,https://raw.githubusercontent.com/PokeAPI/sprites/master/sprites/pokemon/663.png
Tatsugiri,80,N,https://raw.githubusercontent.com/PokeAPI/sprites/master/sprites/pokemon/978.png
Tauros,80,N,https://raw.githubusercontent.com/PokeAPI/sprites/master/sprites/pokemon/128.png
Toedscruel,80,N,https://raw.githubusercontent.com/PokeAPI/sprites/master/sprites/pokemon/949.png
Torterra,80,N,https://raw.githubusercontent.com/PokeAPI/sprites/master/sprites/pokemon/389.png
Toxicroak,80,N,https://raw.githubusercontent.com/PokeAPI/sprites/master/sprites/pokemon/454.png
Typhlosion,80,N,https://raw.githubusercontent.com/PokeAPI/sprites/master/sprites/pokemon/157.png
Tyrantrum,80,N,https://raw.githubusercontent.com/PokeAPI/sprites/master/sprites/pokemon/697.png
Umbreon,80,N,https://raw.githubusercontent.com/PokeAPI/sprites/master/sprites/pokemon/197.png
Veluza,80,N,https://raw.githubusercontent.com/PokeAPI/sprites/master/sprites/pokemon/976.png
Venomoth,80,N,https://raw.githubusercontent.com/PokeAPI/sprites/master/sprites/pokemon/49.png
Wo-Chien,80,N,https://raw.githubusercontent.com/PokeAPI/sprites/master/sprites/pokemon/1001.png
Wobbuffet,80,N,https://raw.githubusercontent.com/PokeAPI/sprites/master/sprites/pokemon/202.png
Xatu,80,N,https://raw.githubusercontent.com/PokeAPI/sprites/master/sprites/pokemon/178.png
Yanmega,80,N,https://raw.githubusercontent.com/PokeAPI/sprites/master/sprites/pokemon/469.png
Abomasnow,60,N,https://raw.githubusercontent.com/PokeAPI/sprites/master/sprites/pokemon/460.png
Absol,60,N,https://raw.githubusercontent.com/PokeAPI/sprites/master/sprites/pokemon/359.png
Accelgor,60,N,https://raw.githubusercontent.com/PokeAPI/sprites/master/sprites/pokemon/617.png
Alcremie,60,N,https://raw.githubusercontent.com/PokeAPI/sprites/master/sprites/pokemon/869.png
Alolan Exeggutor,60,N,https://raw.githubusercontent.com/PokeAPI/sprites/master/sprites/pokemon/10114.png
Alolan Golem,60,N,https://raw.githubusercontent.com/PokeAPI/sprites/master/sprites/pokemon/10111.png
Alolan Sandslash,60,N,https://raw.githubusercontent.com/PokeAPI/sprites/master/sprites/pokemon/10102.png
Archeops,60,N,https://raw.githubusercontent.com/PokeAPI/sprites/master/sprites/pokemon/567.png
Arctovish,60,N,https://raw.githubusercontent.com/PokeAPI/sprites/master/sprites/pokemon/883.png
Articuno,60,N,https://raw.githubusercontent.com/PokeAPI/sprites/master/sprites/pokemon/144.png
Audino,60,N,https://raw.githubusercontent.com/PokeAPI/sprites/master/sprites/pokemon/531.png
Avalugg,60,N,https://raw.githubusercontent.com/PokeAPI/sprites/master/sprites/pokemon/713.png
Beartic,60,N,https://raw.githubusercontent.com/PokeAPI/sprites/master/sprites/pokemon/614.png
Beheeyem,60,N,https://raw.githubusercontent.com/PokeAPI/sprites/master/sprites/pokemon/606.png
Bellibolt,60,N,https://raw.githubusercontent.com/PokeAPI/sprites/master/sprites/pokemon/939.png
Boltund,60,N,https://raw.githubusercontent.com/PokeAPI/sprites/master/sprites/pokemon/836.png
Bombirdier,60,N,https://raw.githubusercontent.com/PokeAPI/sprites/master/sprites/pokemon/962.png
Bouffalant,60,N,https://raw.githubusercontent.com/PokeAPI/sprites/master/sprites/pokemon/626.png
Bruxish,60,N,https://raw.githubusercontent.com/PokeAPI/sprites/master/sprites/pokemon/779.png
Centiskorch,60,N,https://raw.githubusercontent.com/PokeAPI/sprites/master/sprites/pokemon/851.png
Charizard,60,N,https://raw.githubusercontent.com/PokeAPI/sprites/master/sprites/pokemon/6.png
Clawitzer,60,N,https://raw.githubusercontent.com/PokeAPI/sprites/master/sprites/pokemon/693.png
Claydol,60,N,https://raw.githubusercontent.com/PokeAPI/sprites/master/sprites/pokemon/344.png
Coalossal,60,N,https://raw.githubusercontent.com/PokeAPI/sprites/master/sprites/pokemon/839.png
Comfey,60,N,https://raw.githubusercontent.com/PokeAPI/sprites/master/sprites/pokemon/764.png
Crustle,60,N,https://raw.githubusercontent.com/PokeAPI/sprites/master/sprites/pokemon/558.png
Cursola,60,N,https://raw.githubusercontent.com/PokeAPI/sprites/master/sprites/pokemon/864.png
Dodrio,60,N,https://raw.githubusercontent.com/PokeAPI/sprites/master/sprites/pokemon/85.png
Drampa,60,N,https://raw.githubusercontent.com/PokeAPI/sprites/master/sprites/pokemon/780.png
Drifblim,60,N,https://raw.githubusercontent.com/PokeAPI/sprites/master/sprites/pokemon/426.png
Druddigon,60,N,https://raw.githubusercontent.com/PokeAPI/sprites/master/sprites/pokemon/621.png
Dunsparce,60,N,https://raw.githubusercontent.com/PokeAPI/sprites/master/sprites/pokemon/206.png
Dusknoir,60,N,https://raw.githubusercontent.com/PokeAPI/sprites/master/sprites/pokemon/477.png
Eldegoss,60,N,https://raw.githubusercontent.com/PokeAPI/sprites/master/sprites/pokemon/830.png
Electivire,60,N,https://raw.githubusercontent.com/PokeAPI/sprites/master/sprites/pokemon/466.png
Electrode,60,N,https://raw.githubusercontent.com/PokeAPI/sprites/master/sprites/pokemon/101.png
Falinks,60,N,https://raw.githubusercontent.com/PokeAPI/sprites/master/sprites/pokemon/870.png
Flapple,60,N,https://raw.githubusercontent.com/PokeAPI/sprites/master/sprites/pokemon/841.png
Flareon,60,N,https://raw.githubusercontent.com/PokeAPI/sprites/master/sprites/pokemon/136.png
Floatzel,60,N,https://raw.githubusercontent.com/PokeAPI/sprites/master/sprites/pokemon/419.png
Galarian Rapidash,60,N,https://raw.githubusercontent.com/PokeAPI/sprites/master/sprites/pokemon/10163.png
Garbodor,60,N,https://raw.githubusercontent.com/PokeAPI/sprites/master/sprites/pokemon/569.png
Glaceon,60,N,https://raw.githubusercontent.com/PokeAPI/sprites/master/sprites/pokemon/471.png
Gligar,60,N,https://raw.githubusercontent.com/PokeAPI/sprites/master/sprites/pokemon/207.png
Gogoat,60,N,https://raw.githubusercontent.com/PokeAPI/sprites/master/sprites/pokemon/673.png
Golurk,60,N,https://raw.githubusercontent.com/PokeAPI/sprites/master/sprites/pokemon/623.png
Gorebyss,60,N,https://raw.githubusercontent.com/PokeAPI/sprites/master/sprites/pokemon/368.png
Gothorita,60,N,https://raw.githubusercontent.com/PokeAPI/sprites/master/sprites/pokemon/575.png
Gurdurr,60,N,https://raw.githubusercontent.com/PokeAPI/sprites/master/sprites/pokemon/533.png
Hariyama,60,N,https://raw.githubusercontent.com/PokeAPI/sprites/master/sprites/pokemon/297.png
Hisuian Qwilfish,60,N,https://raw.githubusercontent.com/PokeAPI/sprites/master/sprites/pokemon/10234.png
Hitmonlee,60,N,https://raw.githubusercontent.com/PokeAPI/sprites/master/sprites/pokemon/106.png
Hitmontop,60,N,https://raw.githubusercontent.com/PokeAPI/sprites/master/sprites/pokemon/237.png
Honchkrow,60,N,https://raw.githubusercontent.com/PokeAPI/sprites/master/sprites/pokemon/430.png
Houndoom,60,N,https://raw.githubusercontent.com/PokeAPI/sprites/master/sprites/pokemon/229.png
Huntail,60,N,https://raw.githubusercontent.com/PokeAPI/sprites/master/sprites/pokemon/367.png
Jynx,60,N,https://raw.githubusercontent.com/PokeAPI/sprites/master/sprites/pokemon/124.png
Kabutops,60,N,https://raw.githubusercontent.com/PokeAPI/sprites/master/sprites/pokemon/141.png
Kangaskhan,60,N,https://raw.githubusercontent.com/PokeAPI/sprites/master/sprites/pokemon/115.png
Klawf,60,N,https://raw.githubusercontent.com/PokeAPI/sprites/master/sprites/pokemon/950.png
Leafeon,60,N,https://raw.githubusercontent.com/PokeAPI/sprites/master/sprites/pokemon/470.png
Leavanny,60,N,https://raw.githubusercontent.com/PokeAPI/sprites/master/sprites/pokemon/542.png
Lickitung,60,N,https://raw.githubusercontent.com/PokeAPI/sprites/master/sprites/pokemon/108.png
Luxray,60,N,https://raw.githubusercontent.com/PokeAPI/sprites/master/sprites/pokemon/405.png
Lycanroc Midnight,60,N,https://raw.githubusercontent.com/PokeAPI/sprites/master/sprites/pokemon/10126.png
Mabosstiff,60,N,https://raw.githubusercontent.com/PokeAPI/sprites/master/sprites/pokemon/943.png
Magneton,60,N,https://raw.githubusercontent.com/PokeAPI/sprites/master/sprites/pokemon/82.png
Malamar,60,N,https://raw.githubusercontent.com/PokeAPI/sprites/master/sprites/pokemon/687.png
Manectric,60,N,https://raw.githubusercontent.com/PokeAPI/sprites/master/sprites/pokemon/310.png
Masquerain,60,N,https://raw.githubusercontent.com/PokeAPI/sprites/master/sprites/pokemon/284.png
Mega Chimecho,60,Y,https://raw.githubusercontent.com/PokeAPI/sprites/master/sprites/pokemon/other/official-artwork/10306.png
Mega Glalie,60,Y,https://raw.githubusercontent.com/PokeAPI/sprites/master/sprites/pokemon/10074.png
Mega Scovillain,60,Y,https://raw.githubusercontent.com/PokeAPI/sprites/master/sprites/pokemon/other/official-artwork/10320.png
Meowstic Male,60,N,https://raw.githubusercontent.com/PokeAPI/sprites/master/sprites/pokemon/678.png
Morpeko,60,N,https://raw.githubusercontent.com/PokeAPI/sprites/master/sprites/pokemon/877.png
Mr. Rime,60,N,https://raw.githubusercontent.com/PokeAPI/sprites/master/sprites/pokemon/866.png
Muk,60,N,https://raw.githubusercontent.com/PokeAPI/sprites/master/sprites/pokemon/89.png
Musharna,60,N,https://raw.githubusercontent.com/PokeAPI/sprites/master/sprites/pokemon/518.png
Ninjask,60,N,https://raw.githubusercontent.com/PokeAPI/sprites/master/sprites/pokemon/291.png
Octillery,60,N,https://raw.githubusercontent.com/PokeAPI/sprites/master/sprites/pokemon/224.png
Orbeetle,60,N,https://raw.githubusercontent.com/PokeAPI/sprites/master/sprites/pokemon/826.png
Oricorio,60,N,https://raw.githubusercontent.com/PokeAPI/sprites/master/sprites/pokemon/741.png
Oricorio Pa'u,60,N,https://raw.githubusercontent.com/PokeAPI/sprites/master/sprites/pokemon/10124.png
Oricorio Sensu,60,N,https://raw.githubusercontent.com/PokeAPI/sprites/master/sprites/pokemon/10125.png
Palossand,60,N,https://raw.githubusercontent.com/PokeAPI/sprites/master/sprites/pokemon/770.png
Passimian,60,N,https://raw.githubusercontent.com/PokeAPI/sprites/master/sprites/pokemon/766.png
Perrserker,60,N,https://raw.githubusercontent.com/PokeAPI/sprites/master/sprites/pokemon/863.png
Piloswine,60,N,https://raw.githubusercontent.com/PokeAPI/sprites/master/sprites/pokemon/221.png
Pinsir,60,N,https://raw.githubusercontent.com/PokeAPI/sprites/master/sprites/pokemon/127.png
Primeape,60,N,https://raw.githubusercontent.com/PokeAPI/sprites/master/sprites/pokemon/57.png
Probopass,60,N,https://raw.githubusercontent.com/PokeAPI/sprites/master/sprites/pokemon/476.png
Pyukumuku,60,N,https://raw.githubusercontent.com/PokeAPI/sprites/master/sprites/pokemon/771.png
Qwilfish,60,N,https://raw.githubusercontent.com/PokeAPI/sprites/master/sprites/pokemon/211.png
Rabsca,100,N,https://raw.githubusercontent.com/PokeAPI/sprites/master/sprites/pokemon/954.png
Raichu,60,N,https://raw.githubusercontent.com/PokeAPI/sprites/master/sprites/pokemon/26.png
Rapidash,60,N,https://raw.githubusercontent.com/PokeAPI/sprites/master/sprites/pokemon/78.png
Regirock,60,N,https://raw.githubusercontent.com/PokeAPI/sprites/master/sprites/pokemon/377.png
Rotom,60,N,https://raw.githubusercontent.com/PokeAPI/sprites/master/sprites/pokemon/479.png
Rotom-Frost,60,N,https://raw.githubusercontent.com/PokeAPI/sprites/master/sprites/pokemon/10010.png
Runerigus,60,N,https://raw.githubusercontent.com/PokeAPI/sprites/master/sprites/pokemon/867.png
Samurott,60,N,https://raw.githubusercontent.com/PokeAPI/sprites/master/sprites/pokemon/503.png
Sawk,60,N,https://raw.githubusercontent.com/PokeAPI/sprites/master/sprites/pokemon/539.png
Scovillain,60,N,https://raw.githubusercontent.com/PokeAPI/sprites/master/sprites/pokemon/952.png
Scyther,60,N,https://raw.githubusercontent.com/PokeAPI/sprites/master/sprites/pokemon/123.png
Shiinotic,60,N,https://raw.githubusercontent.com/PokeAPI/sprites/master/sprites/pokemon/756.png
Shuckle,60,N,https://raw.githubusercontent.com/PokeAPI/sprites/master/sprites/pokemon/213.png
Simisage,60,N,https://raw.githubusercontent.com/PokeAPI/sprites/master/sprites/pokemon/512.png
Simisear,60,N,https://raw.githubusercontent.com/PokeAPI/sprites/master/sprites/pokemon/514.png
Sirfetch'd,60,N,https://raw.githubusercontent.com/PokeAPI/sprites/master/sprites/pokemon/865.png
Skuntank,60,N,https://raw.githubusercontent.com/PokeAPI/sprites/master/sprites/pokemon/435.png
Smeargle,60,N,https://raw.githubusercontent.com/PokeAPI/sprites/master/sprites/pokemon/235.png
Sneasel,60,N,https://raw.githubusercontent.com/PokeAPI/sprites/master/sprites/pokemon/215.png
Spiritomb,60,N,https://raw.githubusercontent.com/PokeAPI/sprites/master/sprites/pokemon/442.png
Squawkabilly,60,N,https://raw.githubusercontent.com/PokeAPI/sprites/master/sprites/pokemon/931.png
Stoutland,60,N,https://raw.githubusercontent.com/PokeAPI/sprites/master/sprites/pokemon/508.png
Stunfisk,60,N,https://raw.githubusercontent.com/PokeAPI/sprites/master/sprites/pokemon/618.png
Throh,60,N,https://raw.githubusercontent.com/PokeAPI/sprites/master/sprites/pokemon/538.png
Togedemaru,60,N,https://raw.githubusercontent.com/PokeAPI/sprites/master/sprites/pokemon/777.png
Turtonator,60,N,https://raw.githubusercontent.com/PokeAPI/sprites/master/sprites/pokemon/776.png
Type: Null,60,N,https://raw.githubusercontent.com/PokeAPI/sprites/master/sprites/pokemon/772.png
Ursaring,60,N,https://raw.githubusercontent.com/PokeAPI/sprites/master/sprites/pokemon/217.png
Victreebel,60,N,https://raw.githubusercontent.com/PokeAPI/sprites/master/sprites/pokemon/71.png
Vileplume,60,N,https://raw.githubusercontent.com/PokeAPI/sprites/master/sprites/pokemon/45.png
Vivillon,60,N,https://raw.githubusercontent.com/PokeAPI/sprites/master/sprites/pokemon/666.png
Weezing,60,N,https://raw.githubusercontent.com/PokeAPI/sprites/master/sprites/pokemon/110.png
Wishiwashi,60,N,https://raw.githubusercontent.com/PokeAPI/sprites/master/sprites/pokemon/746.png
Wyrdeer,60,N,https://raw.githubusercontent.com/PokeAPI/sprites/master/sprites/pokemon/899.png
Zangoose,60,N,https://raw.githubusercontent.com/PokeAPI/sprites/master/sprites/pokemon/335.png
Zebstrika,60,N,https://raw.githubusercontent.com/PokeAPI/sprites/master/sprites/pokemon/523.png
Aggron,40,N,https://raw.githubusercontent.com/PokeAPI/sprites/master/sprites/pokemon/306.png
Alolan Dugtrio,40,N,https://raw.githubusercontent.com/PokeAPI/sprites/master/sprites/pokemon/10106.png
Alolan Raticate,40,N,https://raw.githubusercontent.com/PokeAPI/sprites/master/sprites/pokemon/10092.png
Altaria,40,N,https://raw.githubusercontent.com/PokeAPI/sprites/master/sprites/pokemon/334.png
Ampharos,40,N,https://raw.githubusercontent.com/PokeAPI/sprites/master/sprites/pokemon/181.png
Arbok,40,N,https://raw.githubusercontent.com/PokeAPI/sprites/master/sprites/pokemon/24.png
Ariados,40,N,https://raw.githubusercontent.com/PokeAPI/sprites/master/sprites/pokemon/168.png
Armaldo,40,N,https://raw.githubusercontent.com/PokeAPI/sprites/master/sprites/pokemon/348.png
Banette,40,N,https://raw.githubusercontent.com/PokeAPI/sprites/master/sprites/pokemon/354.png
Basculin,40,N,https://raw.githubusercontent.com/PokeAPI/sprites/master/sprites/pokemon/550.png
Basculin White Striped,40,N,https://raw.githubusercontent.com/PokeAPI/sprites/master/sprites/pokemon/10247.png
Bastiodon,40,N,https://raw.githubusercontent.com/PokeAPI/sprites/master/sprites/pokemon/411.png
Beautifly,40,N,https://raw.githubusercontent.com/PokeAPI/sprites/master/sprites/pokemon/267.png
Bellossom,40,N,https://raw.githubusercontent.com/PokeAPI/sprites/master/sprites/pokemon/182.png
Bibarel,40,N,https://raw.githubusercontent.com/PokeAPI/sprites/master/sprites/pokemon/400.png
Butterfree,40,N,https://raw.githubusercontent.com/PokeAPI/sprites/master/sprites/pokemon/12.png
Cacturne,40,N,https://raw.githubusercontent.com/PokeAPI/sprites/master/sprites/pokemon/332.png
Calyrex,40,N,https://raw.githubusercontent.com/PokeAPI/sprites/master/sprites/pokemon/898.png
Camerupt,40,N,https://raw.githubusercontent.com/PokeAPI/sprites/master/sprites/pokemon/323.png
Carbink,40,N,https://raw.githubusercontent.com/PokeAPI/sprites/master/sprites/pokemon/703.png
Carnivine,40,N,https://raw.githubusercontent.com/PokeAPI/sprites/master/sprites/pokemon/455.png
Carracosta,40,N,https://raw.githubusercontent.com/PokeAPI/sprites/master/sprites/pokemon/565.png
Chatot,40,N,https://raw.githubusercontent.com/PokeAPI/sprites/master/sprites/pokemon/441.png
Chimecho,40,N,https://raw.githubusercontent.com/PokeAPI/sprites/master/sprites/pokemon/358.png
Clefairy,40,N,https://raw.githubusercontent.com/PokeAPI/sprites/master/sprites/pokemon/35.png
Combusken,40,N,https://raw.githubusercontent.com/PokeAPI/sprites/master/sprites/pokemon/256.png
Corsola,40,N,https://raw.githubusercontent.com/PokeAPI/sprites/master/sprites/pokemon/222.png
Crabominable,40,N,https://raw.githubusercontent.com/PokeAPI/sprites/master/sprites/pokemon/740.png
Cramorant,40,N,https://raw.githubusercontent.com/PokeAPI/sprites/master/sprites/pokemon/845.png
Crocalor,40,N,https://raw.githubusercontent.com/PokeAPI/sprites/master/sprites/pokemon/910.png
Cryogonal,40,N,https://raw.githubusercontent.com/PokeAPI/sprites/master/sprites/pokemon/615.png
Dewgong,40,N,https://raw.githubusercontent.com/PokeAPI/sprites/master/sprites/pokemon/87.png
Dipplin,40,N,https://raw.githubusercontent.com/PokeAPI/sprites/master/sprites/pokemon/1011.png
Drakloak,40,N,https://raw.githubusercontent.com/PokeAPI/sprites/master/sprites/pokemon/886.png
Dubwool,40,N,https://raw.githubusercontent.com/PokeAPI/sprites/master/sprites/pokemon/832.png
Dusclops,40,N,https://raw.githubusercontent.com/PokeAPI/sprites/master/sprites/pokemon/356.png
Dustox,40,N,https://raw.githubusercontent.com/PokeAPI/sprites/master/sprites/pokemon/269.png
Eiscue,40,N,https://raw.githubusercontent.com/PokeAPI/sprites/master/sprites/pokemon/875.png
Electabuzz,40,N,https://raw.githubusercontent.com/PokeAPI/sprites/master/sprites/pokemon/125.png
Emolga,40,N,https://raw.githubusercontent.com/PokeAPI/sprites/master/sprites/pokemon/587.png
Exeggutor,40,N,https://raw.githubusercontent.com/PokeAPI/sprites/master/sprites/pokemon/103.png
Fearow,40,N,https://raw.githubusercontent.com/PokeAPI/sprites/master/sprites/pokemon/22.png
Ferroseed,40,N,https://raw.githubusercontent.com/PokeAPI/sprites/master/sprites/pokemon/597.png
Floragato,40,N,https://raw.githubusercontent.com/PokeAPI/sprites/master/sprites/pokemon/907.png
Frogadier,40,N,https://raw.githubusercontent.com/PokeAPI/sprites/master/sprites/pokemon/657.png
Frosmoth,40,N,https://raw.githubusercontent.com/PokeAPI/sprites/master/sprites/pokemon/873.png
Furfrou,40,N,https://raw.githubusercontent.com/PokeAPI/sprites/master/sprites/pokemon/676.png
Furret,40,N,https://raw.githubusercontent.com/PokeAPI/sprites/master/sprites/pokemon/162.png
Gabite,40,N,https://raw.githubusercontent.com/PokeAPI/sprites/master/sprites/pokemon/444.png
Galarian Mr. Mime,40,N,https://raw.githubusercontent.com/PokeAPI/sprites/master/sprites/pokemon/10168.png
Galarian Stunfisk,40,N,https://raw.githubusercontent.com/PokeAPI/sprites/master/sprites/pokemon/10180.png
Girafarig,40,N,https://raw.githubusercontent.com/PokeAPI/sprites/master/sprites/pokemon/203.png
Glalie,40,N,https://raw.githubusercontent.com/PokeAPI/sprites/master/sprites/pokemon/362.png
Glimmet,40,N,https://raw.githubusercontent.com/PokeAPI/sprites/master/sprites/pokemon/969.png
Golduck,40,N,https://raw.githubusercontent.com/PokeAPI/sprites/master/sprites/pokemon/55.png
Golem,40,N,https://raw.githubusercontent.com/PokeAPI/sprites/master/sprites/pokemon/76.png
Granbull,40,N,https://raw.githubusercontent.com/PokeAPI/sprites/master/sprites/pokemon/210.png
Grapploct,40,N,https://raw.githubusercontent.com/PokeAPI/sprites/master/sprites/pokemon/853.png
Greedent,40,N,https://raw.githubusercontent.com/PokeAPI/sprites/master/sprites/pokemon/820.png
Grotle,40,N,https://raw.githubusercontent.com/PokeAPI/sprites/master/sprites/pokemon/388.png
Grumpig,40,N,https://raw.githubusercontent.com/PokeAPI/sprites/master/sprites/pokemon/326.png
Gumshoos,40,N,https://raw.githubusercontent.com/PokeAPI/sprites/master/sprites/pokemon/735.png
Hakamo-o,40,N,https://raw.githubusercontent.com/PokeAPI/sprites/master/sprites/pokemon/783.png
Haunter,40,N,https://raw.githubusercontent.com/PokeAPI/sprites/master/sprites/pokemon/93.png
Heatmor,40,N,https://raw.githubusercontent.com/PokeAPI/sprites/master/sprites/pokemon/631.png
Hisuian Avalugg,40,N,https://raw.githubusercontent.com/PokeAPI/sprites/master/sprites/pokemon/10243.png
Hisuian Sliggoo,40,N,https://raw.githubusercontent.com/PokeAPI/sprites/master/sprites/pokemon/10241.png
Hisuian Sneasel,40,N,https://raw.githubusercontent.com/PokeAPI/sprites/master/sprites/pokemon/10235.png
Hitmonchan,40,N,https://raw.githubusercontent.com/PokeAPI/sprites/master/sprites/pokemon/107.png
Hypno,40,N,https://raw.githubusercontent.com/PokeAPI/sprites/master/sprites/pokemon/97.png
Illumise,40,N,https://raw.githubusercontent.com/PokeAPI/sprites/master/sprites/pokemon/314.png
Jumpluff,40,N,https://raw.githubusercontent.com/PokeAPI/sprites/master/sprites/pokemon/189.png
Kadabra,40,N,https://raw.githubusercontent.com/PokeAPI/sprites/master/sprites/pokemon/64.png
Kecleon,40,N,https://raw.githubusercontent.com/PokeAPI/sprites/master/sprites/pokemon/352.png
Kingler,40,N,https://raw.githubusercontent.com/PokeAPI/sprites/master/sprites/pokemon/99.png
Klinklang,40,N,https://raw.githubusercontent.com/PokeAPI/sprites/master/sprites/pokemon/601.png
Komala,40,N,https://raw.githubusercontent.com/PokeAPI/sprites/master/sprites/pokemon/775.png
Krokorok,40,N,https://raw.githubusercontent.com/PokeAPI/sprites/master/sprites/pokemon/552.png
Lapras,40,N,https://raw.githubusercontent.com/PokeAPI/sprites/master/sprites/pokemon/131.png
Liepard,40,N,https://raw.githubusercontent.com/PokeAPI/sprites/master/sprites/pokemon/510.png
Lilligant,40,N,https://raw.githubusercontent.com/PokeAPI/sprites/master/sprites/pokemon/549.png
Linoone,40,N,https://raw.githubusercontent.com/PokeAPI/sprites/master/sprites/pokemon/264.png
Lopunny,40,N,https://raw.githubusercontent.com/PokeAPI/sprites/master/sprites/pokemon/428.png
Lumineon,40,N,https://raw.githubusercontent.com/PokeAPI/sprites/master/sprites/pokemon/457.png
Lunatone,40,N,https://raw.githubusercontent.com/PokeAPI/sprites/master/sprites/pokemon/337.png
Lurantis,40,N,https://raw.githubusercontent.com/PokeAPI/sprites/master/sprites/pokemon/754.png
Machoke,40,N,https://raw.githubusercontent.com/PokeAPI/sprites/master/sprites/pokemon/67.png
Magcargo,40,N,https://raw.githubusercontent.com/PokeAPI/sprites/master/sprites/pokemon/219.png
Magmar,40,N,https://raw.githubusercontent.com/PokeAPI/sprites/master/sprites/pokemon/126.png
Maractus,40,N,https://raw.githubusercontent.com/PokeAPI/sprites/master/sprites/pokemon/556.png
Mareanie,40,N,https://raw.githubusercontent.com/PokeAPI/sprites/master/sprites/pokemon/747.png
Marowak,40,N,https://raw.githubusercontent.com/PokeAPI/sprites/master/sprites/pokemon/105.png
Mawile,40,N,https://raw.githubusercontent.com/PokeAPI/sprites/master/sprites/pokemon/303.png
Meganium,40,N,https://raw.githubusercontent.com/PokeAPI/sprites/master/sprites/pokemon/154.png
Meowstic Female,40,N,https://raw.githubusercontent.com/PokeAPI/sprites/master/sprites/pokemon/10025.png
Mienfoo,40,N,https://raw.githubusercontent.com/PokeAPI/sprites/master/sprites/pokemon/619.png
Misdreavus,40,N,https://raw.githubusercontent.com/PokeAPI/sprites/master/sprites/pokemon/200.png
Morgrem,40,N,https://raw.githubusercontent.com/PokeAPI/sprites/master/sprites/pokemon/860.png
Mothim,40,N,https://raw.githubusercontent.com/PokeAPI/sprites/master/sprites/pokemon/414.png
Mr. Mime,40,N,https://raw.githubusercontent.com/PokeAPI/sprites/master/sprites/pokemon/122.png
Murkrow,40,N,https://raw.githubusercontent.com/PokeAPI/sprites/master/sprites/pokemon/198.png
Naclstack,40,N,https://raw.githubusercontent.com/PokeAPI/sprites/master/sprites/pokemon/933.png
Noctowl,40,N,https://raw.githubusercontent.com/PokeAPI/sprites/master/sprites/pokemon/164.png
Oinkologne Female,40,N,https://raw.githubusercontent.com/PokeAPI/sprites/master/sprites/pokemon/10254.png
Oinkologne Male,40,N,https://raw.githubusercontent.com/PokeAPI/sprites/master/sprites/pokemon/916.png
Oranguru,40,N,https://raw.githubusercontent.com/PokeAPI/sprites/master/sprites/pokemon/765.png
Parasect,40,N,https://raw.githubusercontent.com/PokeAPI/sprites/master/sprites/pokemon/47.png
Phione,40,N,https://raw.githubusercontent.com/PokeAPI/sprites/master/sprites/pokemon/489.png
Pidgeot,40,N,https://raw.githubusercontent.com/PokeAPI/sprites/master/sprites/pokemon/18.png
Pikachu,40,N,https://raw.githubusercontent.com/PokeAPI/sprites/master/sprites/pokemon/25.png
Purugly,40,N,https://raw.githubusercontent.com/PokeAPI/sprites/master/sprites/pokemon/432.png
Pyroar,40,N,https://raw.githubusercontent.com/PokeAPI/sprites/master/sprites/pokemon/668.png
Quilladin,40,N,https://raw.githubusercontent.com/PokeAPI/sprites/master/sprites/pokemon/651.png
Raboot,40,N,https://raw.githubusercontent.com/PokeAPI/sprites/master/sprites/pokemon/814.png
Rampardos,40,N,https://raw.githubusercontent.com/PokeAPI/sprites/master/sprites/pokemon/409.png
Raticate,40,N,https://raw.githubusercontent.com/PokeAPI/sprites/master/sprites/pokemon/20.png
Regice,40,N,https://raw.githubusercontent.com/PokeAPI/sprites/master/sprites/pokemon/378.png
Regigigas,40,N,https://raw.githubusercontent.com/PokeAPI/sprites/master/sprites/pokemon/486.png
Relicanth,40,N,https://raw.githubusercontent.com/PokeAPI/sprites/master/sprites/pokemon/369.png
Roselia,40,N,https://raw.githubusercontent.com/PokeAPI/sprites/master/sprites/pokemon/315.png
Sableye,40,N,https://raw.githubusercontent.com/PokeAPI/sprites/master/sprites/pokemon/302.png
Sandslash,40,N,https://raw.githubusercontent.com/PokeAPI/sprites/master/sprites/pokemon/28.png
Sawsbuck,40,N,https://raw.githubusercontent.com/PokeAPI/sprites/master/sprites/pokemon/586.png
Seviper,40,N,https://raw.githubusercontent.com/PokeAPI/sprites/master/sprites/pokemon/336.png
Shedinja,40,N,https://raw.githubusercontent.com/PokeAPI/sprites/master/sprites/pokemon/292.png
Slaking,40,N,https://raw.githubusercontent.com/PokeAPI/sprites/master/sprites/pokemon/289.png
Solrock,40,N,https://raw.githubusercontent.com/PokeAPI/sprites/master/sprites/pokemon/338.png
Spidops,40,N,https://raw.githubusercontent.com/PokeAPI/sprites/master/sprites/pokemon/918.png
Spinda,40,N,https://raw.githubusercontent.com/PokeAPI/sprites/master/sprites/pokemon/327.png
Stantler,40,N,https://raw.githubusercontent.com/PokeAPI/sprites/master/sprites/pokemon/234.png
Stonjourner,40,N,https://raw.githubusercontent.com/PokeAPI/sprites/master/sprites/pokemon/874.png
Sudowoodo,40,N,https://raw.githubusercontent.com/PokeAPI/sprites/master/sprites/pokemon/185.png
Swalot,40,N,https://raw.githubusercontent.com/PokeAPI/sprites/master/sprites/pokemon/317.png
Swanna,40,N,https://raw.githubusercontent.com/PokeAPI/sprites/master/sprites/pokemon/581.png
Swoobat,40,N,https://raw.githubusercontent.com/PokeAPI/sprites/master/sprites/pokemon/528.png
Tangela,40,N,https://raw.githubusercontent.com/PokeAPI/sprites/master/sprites/pokemon/114.png
Thievul,40,N,https://raw.githubusercontent.com/PokeAPI/sprites/master/sprites/pokemon/828.png
Thwackey,40,N,https://raw.githubusercontent.com/PokeAPI/sprites/master/sprites/pokemon/811.png
Tinkatuff,40,N,https://raw.githubusercontent.com/PokeAPI/sprites/master/sprites/pokemon/958.png
Togetic,40,N,https://raw.githubusercontent.com/PokeAPI/sprites/master/sprites/pokemon/176.png
Torracat,40,N,https://raw.githubusercontent.com/PokeAPI/sprites/master/sprites/pokemon/726.png
Toucannon,40,N,https://raw.githubusercontent.com/PokeAPI/sprites/master/sprites/pokemon/733.png
Trevenant,40,N,https://raw.githubusercontent.com/PokeAPI/sprites/master/sprites/pokemon/709.png
Tropius,40,N,https://raw.githubusercontent.com/PokeAPI/sprites/master/sprites/pokemon/357.png
Unfezant,40,N,https://raw.githubusercontent.com/PokeAPI/sprites/master/sprites/pokemon/521.png
Vanillish,40,N,https://raw.githubusercontent.com/PokeAPI/sprites/master/sprites/pokemon/583.png
Vespiquen,40,N,https://raw.githubusercontent.com/PokeAPI/sprites/master/sprites/pokemon/416.png
Vigoroth,40,N,https://raw.githubusercontent.com/PokeAPI/sprites/master/sprites/pokemon/288.png
Volbeat,40,N,https://raw.githubusercontent.com/PokeAPI/sprites/master/sprites/pokemon/313.png
Vullaby,40,N,https://raw.githubusercontent.com/PokeAPI/sprites/master/sprites/pokemon/629.png
Wailord,40,N,https://raw.githubusercontent.com/PokeAPI/sprites/master/sprites/pokemon/321.png
Walrein,40,N,https://raw.githubusercontent.com/PokeAPI/sprites/master/sprites/pokemon/365.png
Wartortle,40,N,https://raw.githubusercontent.com/PokeAPI/sprites/master/sprites/pokemon/8.png
Watchog,40,N,https://raw.githubusercontent.com/PokeAPI/sprites/master/sprites/pokemon/505.png
Whiscash,40,N,https://raw.githubusercontent.com/PokeAPI/sprites/master/sprites/pokemon/340.png
Wigglytuff,40,N,https://raw.githubusercontent.com/PokeAPI/sprites/master/sprites/pokemon/40.png
Wormadam-Trash,40,N,https://raw.githubusercontent.com/PokeAPI/sprites/master/sprites/pokemon/10005.png
Wugtrio,40,N,https://raw.githubusercontent.com/PokeAPI/sprites/master/sprites/pokemon/961.png
Wynaut,40,N,https://raw.githubusercontent.com/PokeAPI/sprites/master/sprites/pokemon/360.png
Alolan Graveler,20,N,https://raw.githubusercontent.com/PokeAPI/sprites/master/sprites/pokemon/10110.png
Alolan Vulpix,20,N,https://raw.githubusercontent.com/PokeAPI/sprites/master/sprites/pokemon/10103.png
Beedrill,20,N,https://raw.githubusercontent.com/PokeAPI/sprites/master/sprites/pokemon/15.png
Bidoof,20,N,https://raw.githubusercontent.com/PokeAPI/sprites/master/sprites/pokemon/399.png
Bronzor,20,N,https://raw.githubusercontent.com/PokeAPI/sprites/master/sprites/pokemon/436.png
Carkol,20,N,https://raw.githubusercontent.com/PokeAPI/sprites/master/sprites/pokemon/838.png
Castform,20,N,https://raw.githubusercontent.com/PokeAPI/sprites/master/sprites/pokemon/351.png
Charjabug,20,N,https://raw.githubusercontent.com/PokeAPI/sprites/master/sprites/pokemon/737.png
Cherrim,20,N,https://raw.githubusercontent.com/PokeAPI/sprites/master/sprites/pokemon/421.png
Cosmoem,20,N,https://raw.githubusercontent.com/PokeAPI/sprites/master/sprites/pokemon/790.png
Cosmog,20,N,https://raw.githubusercontent.com/PokeAPI/sprites/master/sprites/pokemon/789.png
Cottonee,20,N,https://raw.githubusercontent.com/PokeAPI/sprites/master/sprites/pokemon/546.png
Cutiefly,20,N,https://raw.githubusercontent.com/PokeAPI/sprites/master/sprites/pokemon/742.png
Dedenne,20,N,https://raw.githubusercontent.com/PokeAPI/sprites/master/sprites/pokemon/702.png
Delcatty,20,N,https://raw.githubusercontent.com/PokeAPI/sprites/master/sprites/pokemon/301.png
Delibird,20,N,https://raw.githubusercontent.com/PokeAPI/sprites/master/sprites/pokemon/225.png
Dewpider,20,N,https://raw.githubusercontent.com/PokeAPI/sprites/master/sprites/pokemon/751.png
Diglett,20,N,https://raw.githubusercontent.com/PokeAPI/sprites/master/sprites/pokemon/50.png
Duosion,20,N,https://raw.githubusercontent.com/PokeAPI/sprites/master/sprites/pokemon/578.png
Farfetch'd,20,N,https://raw.githubusercontent.com/PokeAPI/sprites/master/sprites/pokemon/83.png
Feebas,20,N,https://raw.githubusercontent.com/PokeAPI/sprites/master/sprites/pokemon/349.png
Fletchinder,20,N,https://raw.githubusercontent.com/PokeAPI/sprites/master/sprites/pokemon/662.png
Graveler,20,N,https://raw.githubusercontent.com/PokeAPI/sprites/master/sprites/pokemon/75.png
Hattrem,20,N,https://raw.githubusercontent.com/PokeAPI/sprites/master/sprites/pokemon/857.png
Hippopotas,20,N,https://raw.githubusercontent.com/PokeAPI/sprites/master/sprites/pokemon/449.png
Kricketune,20,N,https://raw.githubusercontent.com/PokeAPI/sprites/master/sprites/pokemon/402.png
Lechonk,20,N,https://raw.githubusercontent.com/PokeAPI/sprites/master/sprites/pokemon/915.png
Ledian,20,N,https://raw.githubusercontent.com/PokeAPI/sprites/master/sprites/pokemon/166.png
Luvdisc,20,N,https://raw.githubusercontent.com/PokeAPI/sprites/master/sprites/pokemon/370.png
Magikarp,20,N,https://raw.githubusercontent.com/PokeAPI/sprites/master/sprites/pokemon/129.png
Magnemite,20,N,https://raw.githubusercontent.com/PokeAPI/sprites/master/sprites/pokemon/81.png
Marill,20,N,https://raw.githubusercontent.com/PokeAPI/sprites/master/sprites/pokemon/183.png
Metang,20,N,https://raw.githubusercontent.com/PokeAPI/sprites/master/sprites/pokemon/375.png
Metapod,20,N,https://raw.githubusercontent.com/PokeAPI/sprites/master/sprites/pokemon/11.png
Mightyena,20,N,https://raw.githubusercontent.com/PokeAPI/sprites/master/sprites/pokemon/262.png
Minun,20,N,https://raw.githubusercontent.com/PokeAPI/sprites/master/sprites/pokemon/312.png
Munchlax,20,N,https://raw.githubusercontent.com/PokeAPI/sprites/master/sprites/pokemon/446.png
Pachirisu,20,N,https://raw.githubusercontent.com/PokeAPI/sprites/master/sprites/pokemon/417.png
Palpitoad,20,N,https://raw.githubusercontent.com/PokeAPI/sprites/master/sprites/pokemon/536.png
Persian,20,N,https://raw.githubusercontent.com/PokeAPI/sprites/master/sprites/pokemon/53.png
Plusle,20,N,https://raw.githubusercontent.com/PokeAPI/sprites/master/sprites/pokemon/311.png
Porygon,20,N,https://raw.githubusercontent.com/PokeAPI/sprites/master/sprites/pokemon/137.png
Quaxwell,20,N,https://raw.githubusercontent.com/PokeAPI/sprites/master/sprites/pokemon/913.png
Seaking,20,N,https://raw.githubusercontent.com/PokeAPI/sprites/master/sprites/pokemon/119.png
Shelgon,20,N,https://raw.githubusercontent.com/PokeAPI/sprites/master/sprites/pokemon/372.png
Shelmet,20,N,https://raw.githubusercontent.com/PokeAPI/sprites/master/sprites/pokemon/616.png
Sliggoo,20,N,https://raw.githubusercontent.com/PokeAPI/sprites/master/sprites/pokemon/705.png
Sunflora,20,N,https://raw.githubusercontent.com/PokeAPI/sprites/master/sprites/pokemon/192.png
Tarountula,20,N,https://raw.githubusercontent.com/PokeAPI/sprites/master/sprites/pokemon/917.png
Trapinch,20,N,https://raw.githubusercontent.com/PokeAPI/sprites/master/sprites/pokemon/328.png
Unown,20,N,https://raw.githubusercontent.com/PokeAPI/sprites/master/sprites/pokemon/201.png
Vulpix,20,N,https://raw.githubusercontent.com/PokeAPI/sprites/master/sprites/pokemon/37.png
Wormadam,20,N,https://raw.githubusercontent.com/PokeAPI/sprites/master/sprites/pokemon/413.png
Wormadam-Sandy,20,N,https://raw.githubusercontent.com/PokeAPI/sprites/master/sprites/pokemon/10004.png
